Académie,Taux de réussite réel,Taux de réussite prédit
RENNES,69.9,88.62522687661098
RENNES,79.4,87.33001141673302
RENNES,88.0,88.86903846442125
RENNES,90.4,89.68904710276374
RENNES,95.3,90.38809833013381
RENNES,98.9,95.45585272297251
RENNES,100.0,90.2253681828101
RENNES,100.0,94.06950635633167
RENNES,91.6,89.35869277477187
RENNES,97.1,95.98826998732065
RENNES,96.3,88.2046114855484
RENNES,88.9,86.77448590283515
RENNES,92.3,90.7918881004336
ORLEANS-TOURS,93.9,86.31432673766787
ORLEANS-TOURS,95.8,89.23020841299511
ORLEANS-TOURS,88.8,87.07136542138971
ORLEANS-TOURS,93.0,86.87856649122816
ORLEANS-TOURS,97.7,97.19083797003297
ORLEANS-TOURS,79.9,85.86709893444093
ORLEANS-TOURS,62.6,79.89019273621236
ORLEANS-TOURS,100.0,80.20636125550847
ORLEANS-TOURS,65.9,86.63672109242411
ORLEANS-TOURS,99.0,95.67753234812011
ORLEANS-TOURS,97.4,92.43826432319176
ORLEANS-TOURS,100.0,84.8863640033321
ORLEANS-TOURS,52.2,85.43378252477864
ORLEANS-TOURS,81.3,86.59529759469896
ORLEANS-TOURS,94.7,87.57285067505812
ORLEANS-TOURS,85.8,88.90386344132254
ORLEANS-TOURS,95.2,86.69765597435371
ORLEANS-TOURS,90.2,85.85747270129704
ORLEANS-TOURS,84.8,92.67680478870422
ORLEANS-TOURS,89.9,90.36680711456702
ORLEANS-TOURS,84.2,79.70573782039168
CORSE,73.3,89.00289655613454
CORSE,90.3,89.85669804464987
NANCY-METZ,96.9,87.86706708166098
NANCY-METZ,95.7,88.96297057002629
NANCY-METZ,91.3,86.79763782483174
NANCY-METZ,68.2,84.47518438236278
NANCY-METZ,87.2,87.57658087305703
NANCY-METZ,92.0,90.43633233636412
NANCY-METZ,93.9,88.76820030557299
NANCY-METZ,92.1,88.01372832069339
NANCY-METZ,85.7,85.94358644818463
NANCY-METZ,86.7,87.32401190113418
NANCY-METZ,94.3,91.75290069630208
NANCY-METZ,96.4,92.04313497667059
NANCY-METZ,94.6,88.51802477713585
NANCY-METZ,78.3,87.85620106239854
NANCY-METZ,90.0,79.23875426440149
NANCY-METZ,85.7,86.57191175541332
NANCY-METZ,79.0,76.03562275640269
NANCY-METZ,72.7,63.8511113909775
NANCY-METZ,82.4,90.82852001498031
REIMS,91.0,86.55400357653579
REIMS,83.3,86.68954965409382
REIMS,89.9,77.09240668962885
REIMS,100.0,91.80977312096383
REIMS,75.7,88.3754284374341
REIMS,94.8,85.99911992165012
REIMS,86.7,87.70135203326637
REIMS,67.3,83.40589864689511
REIMS,82.8,88.3050398659814
STRASBOURG,93.3,89.53371861028883
STRASBOURG,93.6,88.5374932692992
STRASBOURG,98.3,97.15971274013505
STRASBOURG,95.1,89.0623301195588
STRASBOURG,88.8,90.72922235229841
STRASBOURG,91.3,83.22991236362994
STRASBOURG,96.5,89.27134162252518
STRASBOURG,77.1,89.03283107919286
STRASBOURG,88.8,89.04766983840376
STRASBOURG,80.2,86.47398573671984
GUADELOUPE,93.4,88.44674058358585
GUADELOUPE,92.1,94.86826707771914
GUADELOUPE,85.1,85.48882603729015
GUADELOUPE,96.9,96.64597707786888
GUYANE,78.6,89.89133229648343
GUYANE,68.7,79.56860517807631
AMIENS,83.8,83.36731205594133
AMIENS,80.8,89.65830053251847
AMIENS,92.9,85.5169419963189
AMIENS,81.1,86.74145224305015
AMIENS,86.7,89.51892223795167
AMIENS,88.9,86.00371430809541
AMIENS,91.7,81.40700147688972
AMIENS,81.7,85.62437572584858
AMIENS,88.6,85.91481355085809
AMIENS,86.4,87.49879600131217
AMIENS,81.0,76.93868182333476
AMIENS,94.9,88.62219430078805
AMIENS,85.0,86.8075157726408
AMIENS,76.3,89.89325184475331
AMIENS,98.5,97.19254123484758
LILLE,94.3,90.28616900113686
LILLE,93.5,96.76280998971147
LILLE,99.5,98.57224142194666
LILLE,80.6,84.19581890820174
LILLE,93.1,94.26733599634919
LILLE,85.2,82.99930090912103
LILLE,92.7,95.8858594360351
LILLE,98.9,79.07634521582098
LILLE,83.7,84.69675506986472
LILLE,95.9,87.63797327361362
LILLE,92.5,87.74107101929685
LILLE,97.8,82.76502768440703
LILLE,98.3,96.15758800608735
LILLE,92.4,88.27249364528275
LILLE,92.7,89.00203771332968
LILLE,87.2,93.91180589122052
LILLE,92.5,82.85980348441882
LILLE,100.0,82.09714927476975
LILLE,75.0,75.31848797425086
LILLE,95.5,89.74349652621012
LILLE,88.6,89.1254717210497
LILLE,100.0,89.31055113380935
LILLE,97.9,88.96258813338164
LILLE,85.2,87.87371920548615
CRETEIL,88.3,88.53453303462258
CRETEIL,95.2,94.85049471069433
CRETEIL,86.6,88.60488145965002
CRETEIL,89.3,88.177496318007
CRETEIL,87.3,83.7128201224215
CRETEIL,83.2,88.16735308281146
CRETEIL,98.3,89.04997757019508
CRETEIL,83.9,77.96482219333149
CRETEIL,83.2,81.24925524903603
CRETEIL,81.1,85.35927772178344
CRETEIL,91.1,88.3293647781865
CRETEIL,97.3,94.28811512277824
CRETEIL,95.1,91.52122218984779
CRETEIL,86.5,87.44917160658646
CRETEIL,85.7,88.54023142689738
CRETEIL,86.8,87.20950031665527
CRETEIL,76.4,80.83232502273724
CRETEIL,82.4,79.98665851811413
CRETEIL,95.2,93.6293005289425
CRETEIL,86.4,88.20163964191578
CRETEIL,100.0,99.08812069118375
CRETEIL,72.2,81.83009063926374
CRETEIL,87.5,86.1728395321878
CRETEIL,84.8,87.05809542027274
CRETEIL,87.0,88.54452162702877
CRETEIL,82.3,80.49086297356992
CRETEIL,98.0,89.45318990083334
CRETEIL,84.4,88.73523241744014
CRETEIL,78.7,82.17202041043737
CRETEIL,95.5,89.99531147169236
CRETEIL,90.2,88.71677487640524
CRETEIL,83.8,80.72651181370279
PARIS,88.6,85.06971535593065
PARIS,85.8,89.12313707035686
PARIS,91.9,87.3897822944504
PARIS,93.0,90.8153736480151
PARIS,96.7,89.58227127471044
PARIS,92.9,87.62212127779277
PARIS,89.1,90.52327786341897
PARIS,100.0,99.33464564738654
PARIS,98.9,96.02890828978863
PARIS,100.0,75.07524999999994
PARIS,80.2,78.81594964796858
VERSAILLES,83.6,88.10796922061952
VERSAILLES,97.0,98.26139063252745
VERSAILLES,75.7,89.14171722795545
VERSAILLES,75.6,81.92909988632788
VERSAILLES,80.6,84.09416702456743
VERSAILLES,92.4,90.66748599079645
VERSAILLES,82.4,95.83777672672495
VERSAILLES,85.2,90.09799081240315
VERSAILLES,78.7,82.25247632033138
VERSAILLES,76.8,88.63039761527013
VERSAILLES,96.7,95.1739082179463
VERSAILLES,87.2,91.19677540392914
VERSAILLES,98.5,97.55354991993345
VERSAILLES,82.9,81.31388845083515
VERSAILLES,90.9,90.27227920703385
VERSAILLES,85.3,86.81025721202818
VERSAILLES,75.2,87.70200209816703
VERSAILLES,84.2,68.19930034659171
VERSAILLES,72.7,85.44078283426907
VERSAILLES,89.8,84.2144935905763
VERSAILLES,100.0,88.24539853602329
VERSAILLES,86.1,89.3020950374882
VERSAILLES,90.2,87.87231032139945
VERSAILLES,96.6,89.36464785260368
VERSAILLES,89.9,89.97255420714953
VERSAILLES,79.1,88.948111615505
VERSAILLES,90.9,83.38044303514049
VERSAILLES,87.9,89.95042992583667
VERSAILLES,99.2,98.59792879922281
VERSAILLES,100.0,96.4626013190999
VERSAILLES,84.4,83.15238129427034
VERSAILLES,93.3,92.50488709768395
VERSAILLES,96.5,89.0755201380519
LA REUNION,76.0,78.253195697882
LA REUNION,83.2,75.2376246547742
LA REUNION,76.7,88.84291254580967
LA REUNION,91.9,87.90883524115259
LA REUNION,99.1,98.59552274888074
LA REUNION,97.8,96.62907647894542
MARTINIQUE,72.1,89.41070082210726
MARTINIQUE,100.0,72.97783870967746
MARTINIQUE,81.6,84.94413352047181
MARTINIQUE,92.3,90.93513249544885
MARTINIQUE,91.3,84.95427133015522
MARTINIQUE,91.7,90.93513249544885
MARTINIQUE,92.3,95.63100641025642
MARTINIQUE,100.0,97.10242774334696
MARTINIQUE,82.6,80.69140463707687
MARTINIQUE,84.5,90.15881134567412
MAYOTTE,62.2,81.74371154175522
MAYOTTE,73.2,76.73869358299594
MAYOTTE,74.4,80.29552992278714
MAYOTTE,81.7,82.53844047619052
CAEN,80.7,87.74437031047026
CAEN,77.3,88.85057758572633
CAEN,87.2,86.0554442208896
CAEN,91.3,88.55507582689135
CAEN,83.2,88.04575749389936
CAEN,82.4,83.10275782029191
CAEN,94.0,90.79860232587295
CAEN,96.8,87.42762432823388
CAEN,81.3,93.03164451416407
CAEN,100.0,92.45855589205486
ROUEN,88.0,86.800790963078
ROUEN,94.5,87.04711858169762
ROUEN,81.9,88.4634989227246
ROUEN,96.9,88.37923746108507
ROUEN,76.7,83.81617332285076
ROUEN,75.0,87.27444246893585
ROUEN,98.8,88.11636591989718
ROUEN,75.8,78.38165486403459
ROUEN,97.9,98.19975698565621
ROUEN,83.3,86.29277530783479
ROUEN,84.7,72.18133493729411
ROUEN,98.6,88.2424707865728
BORDEAUX,84.4,88.04560621039667
BORDEAUX,88.8,88.19393891625579
BORDEAUX,97.7,97.29256429445022
BORDEAUX,98.7,98.50081159386433
BORDEAUX,89.9,87.34566228753413
BORDEAUX,82.0,87.9639742370258
BORDEAUX,81.6,79.69611911995476
BORDEAUX,95.9,87.81000326229123
BORDEAUX,80.6,87.04354255553967
BORDEAUX,88.9,95.31299668947186
BORDEAUX,93.6,91.9023790673986
BORDEAUX,92.3,79.12596313488444
BORDEAUX,82.8,88.78129909207688
BORDEAUX,88.4,88.31447694291369
BORDEAUX,80.0,87.04572222222218
BORDEAUX,90.6,86.5087887343273
BORDEAUX,95.0,98.7466843783191
BORDEAUX,81.0,78.32246921781889
BORDEAUX,93.0,87.81691819277303
BORDEAUX,60.9,82.95102988644372
BORDEAUX,92.5,96.17423799976098
BORDEAUX,80.3,88.2343502298406
BORDEAUX,83.3,89.25856661850729
BORDEAUX,95.1,90.85054530666731
BORDEAUX,100.0,94.98394484700152
BORDEAUX,93.5,95.42511557673579
LIMOGES,89.5,86.37538187344063
LIMOGES,85.1,87.4251612239288
LIMOGES,97.1,90.20903029237239
LIMOGES,80.0,87.36533355742387
LIMOGES,89.6,86.20100357158606
LIMOGES,78.4,87.61636524691144
LIMOGES,83.0,89.05131704967316
LIMOGES,92.3,91.33020714240142
LIMOGES,83.8,90.93368757666953
POITIERS,75.0,88.36092296302097
POITIERS,87.0,88.23563795972149
POITIERS,79.1,86.7838218753935
POITIERS,76.3,88.26687093769941
POITIERS,93.0,86.37898429686676
POITIERS,90.4,85.18446931818181
POITIERS,95.3,88.01171286216166
POITIERS,81.1,89.63170854171995
POITIERS,80.4,88.15279642941596
POITIERS,91.7,90.10192522332859
POITIERS,76.1,83.04190664350526
POITIERS,94.6,95.12857629034477
POITIERS,92.1,89.12568715534532
POITIERS,83.7,90.21765207217872
POITIERS,85.6,89.41029213393354
POITIERS,84.3,87.74478048853398
POITIERS,94.1,84.43913004074815
POITIERS,79.4,85.7643863008313
POITIERS,85.9,90.23540479631858
MONTPELLIER,85.4,89.8718947839178
MONTPELLIER,98.3,96.62309715694502
MONTPELLIER,94.5,92.30082329011955
MONTPELLIER,85.6,91.59394248945992
MONTPELLIER,54.2,93.32251542683473
MONTPELLIER,87.9,89.65839024172087
MONTPELLIER,72.7,86.87495863769428
MONTPELLIER,79.2,86.38070775546048
MONTPELLIER,98.8,96.5186970246971
MONTPELLIER,81.6,88.71581274493799
MONTPELLIER,61.9,89.92452725362905
MONTPELLIER,84.0,96.45437002939454
MONTPELLIER,86.1,90.8136216574833
MONTPELLIER,95.2,88.48492116580974
MONTPELLIER,84.8,83.12876122756941
MONTPELLIER,86.5,88.28500361008915
MONTPELLIER,91.7,90.89723834604105
MONTPELLIER,67.5,76.68207205859737
MONTPELLIER,83.6,78.54399505494509
MONTPELLIER,83.3,85.74376708388502
MONTPELLIER,78.1,89.280938885961
TOULOUSE,83.8,88.68288163966093
TOULOUSE,97.3,83.44148255357968
TOULOUSE,93.7,96.2664312836405
TOULOUSE,100.0,93.47111453275747
TOULOUSE,100.0,88.00034673616327
TOULOUSE,92.6,96.43533892549743
TOULOUSE,89.0,87.6050615758962
TOULOUSE,95.5,95.9046371873684
TOULOUSE,93.8,83.524493407021
TOULOUSE,95.7,90.3513875352821
TOULOUSE,80.9,89.5252375363574
TOULOUSE,94.8,87.70242851095962
TOULOUSE,83.8,87.71368016445838
TOULOUSE,95.2,89.34396322350422
TOULOUSE,97.9,90.26380854294341
TOULOUSE,100.0,97.72646343274195
TOULOUSE,81.4,89.7422077878084
TOULOUSE,88.3,84.77691125331793
TOULOUSE,93.2,90.96300876242803
TOULOUSE,65.2,79.53300345889068
TOULOUSE,95.8,89.00521750974782
TOULOUSE,94.7,91.77092085969343
TOULOUSE,100.0,94.10292711109234
TOULOUSE,94.4,90.51115158978969
TOULOUSE,95.3,90.64595289410799
TOULOUSE,59.1,81.01291673269611
TOULOUSE,91.4,86.77451154283847
TOULOUSE,88.1,88.72120958963876
TOULOUSE,83.1,86.0384013781741
TOULOUSE,90.0,90.10630052715327
TOULOUSE,87.5,89.69605602211084
TOULOUSE,95.0,83.83374137194929
TOULOUSE,100.0,95.72528551041556
TOULOUSE,97.4,96.57341663755965
NANTES,97.3,95.64311643951119
NANTES,90.9,74.85866022041384
NANTES,91.4,92.43344336289692
NANTES,81.9,91.85052088471281
NANTES,85.7,78.22076770589851
NANTES,77.1,79.12994327609083
NANTES,90.8,82.99830477867935
NANTES,98.1,96.95235226260455
NANTES,89.3,89.04210318285973
NANTES,97.2,90.08627468412917
NANTES,91.2,95.55136115484453
NANTES,71.9,76.01354270200842
NANTES,88.5,86.18045333923105
NANTES,97.6,88.2317499410064
NANTES,97.0,96.29465825790322
NANTES,78.9,90.02548521734454
NANTES,76.5,89.14558572100148
NANTES,98.6,92.61481871187497
NANTES,83.9,87.71149637093932
NANTES,91.3,91.55291670523127
NANTES,84.5,88.7397291457139
NANTES,87.9,89.22009750232033
NANTES,87.3,88.97041412630682
NANTES,90.0,88.85088254041278
NANTES,90.9,89.57118641455851
NANTES,98.3,86.5541932161036
NANTES,92.4,89.78855787766607
NANTES,86.4,88.87975801086324
NANTES,95.8,85.43131607761983
NANTES,92.9,95.39190255720217
NANTES,93.6,95.97199390888865
NANTES,81.3,85.88456157196613
AIX-MARSEILLE,75.0,86.20789476104113
AIX-MARSEILLE,74.1,88.2122548235579
AIX-MARSEILLE,84.7,83.04193064171254
AIX-MARSEILLE,84.2,86.98801732976483
AIX-MARSEILLE,89.1,91.82499616541587
AIX-MARSEILLE,79.7,79.36995083550212
AIX-MARSEILLE,99.3,98.12533589637977
AIX-MARSEILLE,89.6,91.8492799029328
AIX-MARSEILLE,65.0,81.44773957371994
AIX-MARSEILLE,55.6,94.89789531095303
AIX-MARSEILLE,64.9,84.02559782725803
AIX-MARSEILLE,77.2,77.1050512912375
AIX-MARSEILLE,75.0,81.44773957371994
AIX-MARSEILLE,95.8,77.53725137107863
AIX-MARSEILLE,93.5,87.07661767383672
AIX-MARSEILLE,77.0,79.87690548701403
AIX-MARSEILLE,100.0,72.4595594200833
AIX-MARSEILLE,93.8,88.59521315023294
AIX-MARSEILLE,89.7,80.11358253390512
AIX-MARSEILLE,73.2,91.83417659176392
AIX-MARSEILLE,62.3,82.27045543099076
AIX-MARSEILLE,87.8,87.79853958360528
NICE,87.8,88.55579945268033
NICE,82.6,77.97908793900058
NICE,95.5,86.98750298341018
NICE,86.6,88.72255100878951
NICE,69.7,77.79191108257046
NICE,99.0,90.6543509435137
NICE,91.4,89.41969281146844
NICE,93.3,94.68003152633513
NICE,81.3,84.61368046894111
NICE,92.5,89.29019638172848
NICE,98.1,89.81017499002955
NICE,79.8,88.47077452479238
NICE,90.4,89.08782993422048
NICE,95.2,85.92611285922747
CLERMONT-FERRAND,97.2,89.03707408837096
CLERMONT-FERRAND,83.3,83.08032768492076
CLERMONT-FERRAND,84.0,87.05050484642692
CLERMONT-FERRAND,81.2,86.99566362024149
CLERMONT-FERRAND,96.1,88.46336970943554
CLERMONT-FERRAND,86.1,89.79382472676345
CLERMONT-FERRAND,72.7,89.4938520363692
CLERMONT-FERRAND,78.3,83.16607369455325
CLERMONT-FERRAND,100.0,92.03774881645231
CLERMONT-FERRAND,83.3,92.56315405728591
CLERMONT-FERRAND,70.0,92.44021856418644
CLERMONT-FERRAND,92.9,91.37275422309276
CLERMONT-FERRAND,90.9,82.99465287142986
CLERMONT-FERRAND,85.7,91.10016740290193
CLERMONT-FERRAND,88.8,83.93180765744526
GRENOBLE,50.0,83.15020721227457
GRENOBLE,84.4,91.15346740974596
GRENOBLE,92.0,89.932520223795
GRENOBLE,87.9,96.99998916996785
GRENOBLE,92.3,89.21506739395181
GRENOBLE,100.0,80.54112783108606
GRENOBLE,89.1,88.61319848120996
GRENOBLE,87.7,89.09356786870357
GRENOBLE,94.8,89.00536766233249
GRENOBLE,98.8,98.63587700390073
GRENOBLE,96.9,90.69067393828932
GRENOBLE,82.5,88.65429882326603
GRENOBLE,94.2,84.01279815613881
GRENOBLE,80.0,88.4370881578332
GRENOBLE,97.4,96.78778411585314
GRENOBLE,82.9,88.63413088959807
GRENOBLE,100.0,73.20027497546299
GRENOBLE,81.6,84.73818375276304
GRENOBLE,98.0,96.25677396841253
GRENOBLE,87.7,88.17020472742134
GRENOBLE,96.8,95.10951227900337
GRENOBLE,75.2,84.6062495090361
GRENOBLE,88.4,88.0270161573231
GRENOBLE,93.9,97.14470577426677
GRENOBLE,100.0,90.3548283836916
GRENOBLE,87.0,75.55403234598762
GRENOBLE,92.6,88.20469340491297
GRENOBLE,98.6,89.89248088986552
LYON,90.2,85.42876004749664
LYON,75.8,87.83451207797056
LYON,86.0,89.85636376681695
LYON,90.3,85.94406457353516
LYON,93.3,79.403916413391
LYON,76.0,87.18012893987321
LYON,86.8,85.0148659339481
LYON,90.6,85.39906516084606
LYON,80.6,88.40785321278834
LYON,98.7,96.29125874913849
LYON,50.0,90.48904705423918
LYON,100.0,94.38926452321543
LYON,100.0,95.99011523336438
LYON,94.7,88.2803240484817
LYON,70.8,89.46384806147609
LYON,91.7,88.45246409893683
LYON,100.0,93.04321803786702
LYON,75.6,83.49890575328035
LYON,91.3,86.58584417799855
BESANCON,77.8,80.86331301348872
BESANCON,100.0,88.76979569138031
BESANCON,81.0,93.31174476594568
BESANCON,100.0,81.72863751843502
BESANCON,81.1,89.06034702984125
BESANCON,95.7,91.5985396582768
BESANCON,87.0,76.88703560209626
BESANCON,73.9,79.24614151466288
BESANCON,95.7,95.13528333333332
DIJON,94.1,93.2921806796219
DIJON,83.5,84.01313545756886
DIJON,100.0,94.36687014079278
DIJON,98.0,89.78499039348397
DIJON,76.2,78.84093752511181
DIJON,97.2,82.35136692769112
DIJON,93.6,91.93030175587596
DIJON,100.0,92.27063577698564
DIJON,83.3,88.19176726040024
DIJON,95.2,82.71279793221711
DIJON,88.5,92.6521254284149
DIJON,89.7,85.85543332230574
DIJON,83.3,76.97484727113755
RENNES,89.4,93.70538861973039
RENNES,93.5,87.03185066647076
RENNES,87.1,87.20535509856128
RENNES,86.2,94.53436424830463
RENNES,88.9,91.72863818091031
RENNES,94.1,95.56140838309031
RENNES,94.8,89.3058829699021
RENNES,98.3,94.68327054281335
RENNES,89.7,89.00480326491883
RENNES,82.8,84.66359383194144
RENNES,95.2,94.99677953687407
RENNES,93.2,85.94107903623052
RENNES,96.4,95.54545899821761
RENNES,93.0,88.82005309609436
RENNES,97.3,93.9171804425981
RENNES,96.1,88.8688340229437
RENNES,89.8,88.77480823504666
RENNES,98.4,96.22375014247454
RENNES,90.3,88.29476873190991
RENNES,75.0,90.0248157637896
RENNES,100.0,96.50339077459614
RENNES,95.5,89.8545840848571
RENNES,95.5,95.81815231105533
RENNES,95.2,95.87625766819816
RENNES,95.8,92.02196119961037
RENNES,94.4,93.08809449975269
RENNES,96.7,95.09566511865518
RENNES,94.9,90.69954475702453
RENNES,93.8,88.25521476588865
RENNES,93.6,89.90929142931088
RENNES,92.7,93.13288298790505
ORLEANS-TOURS,95.8,90.62549013593397
ORLEANS-TOURS,85.2,84.66230883820734
ORLEANS-TOURS,99.0,96.64431000906643
ORLEANS-TOURS,95.9,89.3056937826368
ORLEANS-TOURS,71.4,79.40497217630647
ORLEANS-TOURS,98.9,95.86149606747695
ORLEANS-TOURS,93.2,86.56324981176063
ORLEANS-TOURS,81.4,85.87969368055563
ORLEANS-TOURS,93.0,95.93966770850831
ORLEANS-TOURS,83.2,86.3216668449861
ORLEANS-TOURS,84.0,86.62117553494505
ORLEANS-TOURS,89.2,91.11028064787202
ORLEANS-TOURS,80.3,86.4721915301427
ORLEANS-TOURS,87.2,89.99191362240833
ORLEANS-TOURS,88.8,74.85066055103012
ORLEANS-TOURS,82.7,87.42699014951164
CORSE,87.1,90.17958459350366
CORSE,88.0,90.6275500000001
NANCY-METZ,97.9,83.78982969307937
NANCY-METZ,80.7,88.59075318060785
NANCY-METZ,67.1,80.69318349632648
NANCY-METZ,84.2,87.74580471786717
NANCY-METZ,81.0,87.0812779022761
NANCY-METZ,73.3,87.60168774339363
NANCY-METZ,91.3,91.94201367878887
NANCY-METZ,92.5,87.91909294994106
NANCY-METZ,88.1,87.06118733857197
NANCY-METZ,97.2,88.29667466606855
NANCY-METZ,83.3,82.47102787018477
NANCY-METZ,88.0,87.81047455427618
REIMS,73.1,83.90354909572392
REIMS,83.3,89.43236904761903
REIMS,82.2,85.046325784136
REIMS,80.7,85.75390606797758
REIMS,91.8,95.96985776293444
REIMS,82.0,78.66537988768746
REIMS,79.3,89.19719843527675
REIMS,97.5,93.04400800254915
REIMS,98.6,88.87483475271587
STRASBOURG,86.7,83.11965057511276
STRASBOURG,88.0,88.42836316829967
STRASBOURG,91.7,85.39566709873075
STRASBOURG,85.6,89.16446456087515
STRASBOURG,61.9,85.9653718277511
STRASBOURG,81.0,85.09343016480051
STRASBOURG,96.6,88.75119825088309
STRASBOURG,97.4,97.38192473875257
STRASBOURG,94.8,89.71100569716687
STRASBOURG,100.0,88.99516068911643
STRASBOURG,68.3,78.44311231823737
STRASBOURG,78.8,79.78932077709061
GUADELOUPE,100.0,96.92222340199785
GUADELOUPE,79.1,78.92593095238095
GUADELOUPE,100.0,89.6921467948718
GUADELOUPE,64.4,85.57491542830817
GUYANE,100.0,92.07625229228415
AMIENS,77.1,80.1516917608485
AMIENS,90.6,85.97363131908436
AMIENS,72.6,81.6483661074554
AMIENS,92.9,84.83633494022018
AMIENS,87.0,87.58946071662852
AMIENS,86.7,90.8772657439376
AMIENS,100.0,87.34847945578093
AMIENS,93.3,88.76285540700994
AMIENS,88.9,87.2910953317539
LILLE,95.7,83.81040978603116
CLERMONT-FERRAND,86.7,83.906
CLERMONT-FERRAND,91.2,88.52858771851288
CLERMONT-FERRAND,90.3,91.13494856777093
CLERMONT-FERRAND,76.5,92.83669360743812
CLERMONT-FERRAND,100.0,94.58511049809691
CLERMONT-FERRAND,98.2,96.31818185586785
CLERMONT-FERRAND,97.8,93.85283168481237
CLERMONT-FERRAND,90.9,78.6003012744323
CLERMONT-FERRAND,100.0,90.83152856495268
CLERMONT-FERRAND,85.1,85.40481016120482
CLERMONT-FERRAND,86.6,85.31679455652866
CLERMONT-FERRAND,79.9,85.24556061700531
CLERMONT-FERRAND,96.8,92.56718612493063
CLERMONT-FERRAND,93.3,92.43884802685565
CLERMONT-FERRAND,100.0,94.90701378646138
GRENOBLE,82.4,83.41045402513971
GRENOBLE,97.0,91.37549343431739
GRENOBLE,92.9,88.70517472012114
GRENOBLE,77.8,87.99915753424611
GRENOBLE,98.4,88.66537413569822
GRENOBLE,83.5,88.42306052316682
GRENOBLE,84.6,90.05286709186353
GRENOBLE,82.9,83.62111949826244
GRENOBLE,90.3,88.74844170043046
GRENOBLE,91.4,96.92461118071283
GRENOBLE,87.3,89.41658756383703
GRENOBLE,88.8,83.23047498046729
GRENOBLE,82.9,89.98476014485769
GRENOBLE,88.9,89.80455658803118
GRENOBLE,91.6,89.45457013291417
GRENOBLE,97.6,88.65956610370462
GRENOBLE,87.4,87.94758597470667
GRENOBLE,88.6,88.31604442446492
GRENOBLE,88.2,85.75932290217322
GRENOBLE,89.5,89.14551798755132
GRENOBLE,89.9,89.89404379627202
GRENOBLE,100.0,90.42010147058546
GRENOBLE,86.8,91.1311095653825
LYON,92.9,91.37209691109047
LYON,93.9,88.83969851515016
LYON,83.9,85.02158966637606
LYON,92.2,86.69095148637454
LYON,84.8,89.39568665084158
LYON,95.4,89.7944565922926
LYON,63.6,78.91482988068947
LYON,98.9,95.91973568891719
LYON,79.7,87.37915413227414
LYON,83.3,72.7556235262617
LYON,99.7,98.55471389086942
LYON,75.6,77.9028027676083
LYON,85.7,89.01701545054485
LYON,82.6,76.02511687645429
LYON,83.8,84.59691276915783
LYON,93.7,96.7786785575164
BESANCON,94.1,83.50532541181629
BESANCON,70.8,74.64240162695864
BESANCON,85.4,90.71246535046242
BESANCON,86.7,89.05634860759896
BESANCON,90.7,88.9009526757783
BESANCON,88.7,92.0920847598443
BESANCON,89.6,87.08973748517059
BESANCON,94.6,93.12796385145437
BESANCON,90.5,87.74425570710233
BESANCON,91.3,76.58637815652504
DIJON,88.2,88.04215138434536
DIJON,93.8,89.03964642064136
DIJON,90.9,91.32001927940227
DIJON,97.6,91.513728212832
DIJON,89.7,87.5763031278914
DIJON,91.3,88.78865079365079
DIJON,100.0,89.25871014046739
DIJON,90.9,90.83599821682009
DIJON,88.0,85.47507179360355
DIJON,75.6,89.99677557997971
DIJON,93.5,88.30856105762396
RENNES,88.9,90.32462132685284
RENNES,84.1,88.14495603819307
RENNES,79.4,91.68008289649322
RENNES,87.5,86.6439748680621
RENNES,100.0,96.21623207574028
RENNES,93.4,95.50707564100055
RENNES,100.0,94.13413284418257
RENNES,96.1,89.41362116847282
RENNES,96.9,88.2639740013221
RENNES,97.6,89.71593317551724
RENNES,96.1,94.01622199805801
RENNES,97.1,94.92774783549775
ORLEANS-TOURS,77.8,89.12367894703335
ORLEANS-TOURS,81.7,83.71693495485042
ORLEANS-TOURS,91.7,90.89560631438415
ORLEANS-TOURS,98.1,86.28647293111302
ORLEANS-TOURS,82.1,83.10756276320748
ORLEANS-TOURS,77.2,84.7399213074419
ORLEANS-TOURS,87.0,84.08535353939669
CORSE,84.8,89.86761153675405
NANCY-METZ,98.1,97.40531730128221
NANCY-METZ,93.1,89.4909412503808
NANCY-METZ,93.6,89.98075720740893
NANCY-METZ,94.7,90.8921865900622
NANCY-METZ,87.5,88.47674139179904
NANCY-METZ,98.7,94.06425412397746
NANCY-METZ,88.2,89.17607758160938
NANCY-METZ,85.3,87.63245717464251
NANCY-METZ,92.7,88.76127949581819
NANCY-METZ,100.0,94.09358156237299
NANCY-METZ,73.8,90.73946794934167
NANCY-METZ,78.8,79.89043781240831
NANCY-METZ,91.3,87.97866719620426
REIMS,96.2,86.32251081856074
REIMS,80.0,91.89524327538761
REIMS,80.7,89.4603586286853
REIMS,86.3,89.4843769430826
STRASBOURG,91.7,84.19945936050217
STRASBOURG,74.4,75.08345052910056
STRASBOURG,92.7,89.33750410131786
STRASBOURG,94.0,90.07846650248285
STRASBOURG,78.2,88.35188402668332
STRASBOURG,76.0,74.25718636023626
STRASBOURG,89.4,89.55151711894256
STRASBOURG,98.8,96.85097632137509
GUYANE,89.2,73.54427036822821
AMIENS,84.6,93.56510098583774
AMIENS,86.7,87.98696057418441
AMIENS,98.1,96.41547243876416
AMIENS,73.8,80.23657407008422
AMIENS,89.4,87.89226379021684
AMIENS,94.2,87.82413113951097
AMIENS,83.2,90.61283049434608
AMIENS,86.7,88.89306291651722
AMIENS,80.0,77.2896241549549
AMIENS,88.8,79.05021798210136
AMIENS,87.1,88.94426244419037
AMIENS,87.8,89.7360380526495
AMIENS,91.3,89.1573190725388
AMIENS,85.7,78.11472019327711
AMIENS,86.2,90.79813766423358
LILLE,92.5,94.98855952045011
LILLE,81.3,80.99278829614411
LILLE,76.2,79.7643357963876
LILLE,91.8,89.32173362866477
LILLE,81.7,79.10714053743516
LILLE,87.7,87.74504586090313
LILLE,100.0,85.67054830971396
LILLE,96.8,97.5042790616164
LILLE,94.0,90.79690286086158
LILLE,65.5,78.54042487711227
LILLE,90.2,89.73600484278272
LILLE,80.6,79.70371356260885
LILLE,94.3,86.65296921798968
LILLE,90.4,76.61892714887931
LILLE,99.5,97.05660646244068
LILLE,88.7,90.3164198250503
LILLE,75.7,87.7005820105525
LILLE,92.6,85.71314394132473
LILLE,84.3,82.86053046150539
LILLE,94.3,89.63879567515082
LILLE,96.0,98.90387686714071
LILLE,92.4,84.0366057374547
LILLE,96.0,87.80488087016565
LILLE,84.6,77.67560636761453
LILLE,100.0,94.67796122945317
LILLE,78.3,84.43270808408447
CRETEIL,87.1,86.4781215916948
CRETEIL,91.0,87.51522374715438
CRETEIL,81.7,89.57417713575947
CRETEIL,75.0,76.7972135824759
CRETEIL,95.8,89.52144445596126
CRETEIL,84.9,88.68574923402996
CRETEIL,97.6,93.68515295520815
CRETEIL,70.5,87.58504984560415
CRETEIL,82.8,88.25357195427135
CRETEIL,74.0,88.31033669185683
CRETEIL,75.0,87.20033164791869
CRETEIL,85.0,86.46451360761883
CRETEIL,96.6,85.65385894005576
CRETEIL,85.1,81.40051868340467
CRETEIL,89.9,83.45965605917621
CRETEIL,74.4,81.1192760965998
CRETEIL,88.5,87.11315604068814
CRETEIL,70.0,80.048276154686
CRETEIL,89.8,86.76566845497186
CRETEIL,87.4,89.31041939634979
CRETEIL,90.5,77.74883457027066
CRETEIL,80.0,74.92913050817542
CRETEIL,84.0,89.08930392876668
CRETEIL,80.0,92.72586302681098
PARIS,96.6,90.18697216499051
PARIS,91.7,88.12743669625533
PARIS,75.0,69.65477926898515
PARIS,90.5,87.73222677452868
PARIS,81.4,81.61845800549501
PARIS,94.3,89.51389307156876
PARIS,100.0,98.67438009371097
PARIS,100.0,98.68218400952848
PARIS,100.0,99.44259947207385
PARIS,93.3,87.06735999620955
PARIS,50.0,72.28198909877887
PARIS,92.2,82.33332019941123
VERSAILLES,100.0,98.20319914951915
VERSAILLES,72.0,81.85949413798879
VERSAILLES,91.3,88.23293999914871
VERSAILLES,91.2,88.7564970322781
VERSAILLES,82.9,90.70965180565442
VERSAILLES,84.0,88.59273535346412
VERSAILLES,87.3,88.35062497223277
VERSAILLES,87.3,89.84149145919329
VERSAILLES,87.3,89.5163696998752
VERSAILLES,74.5,81.35384284039382
VERSAILLES,81.8,80.60445108554968
VERSAILLES,98.7,96.09260641147993
VERSAILLES,90.7,88.10031082479763
VERSAILLES,100.0,97.35569205799244
VERSAILLES,98.3,97.09995056277052
VERSAILLES,83.6,83.40559298596581
VERSAILLES,100.0,70.26176387299192
VERSAILLES,89.5,70.26217905924214
VERSAILLES,80.0,89.58080448921055
VERSAILLES,94.9,88.3678360099199
VERSAILLES,84.9,89.08224376416938
VERSAILLES,79.8,87.17686367390647
VERSAILLES,76.2,87.37679426084684
VERSAILLES,92.6,88.69970717400837
VERSAILLES,96.0,88.55443878157996
VERSAILLES,79.3,87.56258072548934
VERSAILLES,93.3,89.33845304919359
VERSAILLES,100.0,96.05061426784785
VERSAILLES,100.0,89.40639044912847
VERSAILLES,63.3,82.87817792530956
LA REUNION,81.8,83.29504124350204
LA REUNION,73.0,76.15340894572178
LA REUNION,86.2,89.28678836466766
MARTINIQUE,92.7,90.09750291474091
MARTINIQUE,100.0,98.20567328891138
MARTINIQUE,91.4,79.5017639222039
MARTINIQUE,71.4,79.43020015113538
MARTINIQUE,92.8,83.38849533726757
MARTINIQUE,87.3,90.55399744894417
MAYOTTE,70.9,77.36852534706166
CAEN,91.5,84.03189235218854
CAEN,86.7,88.0588530962571
CAEN,81.6,73.09339746953205
CAEN,100.0,87.8410928373109
CAEN,96.4,88.16912316003867
CAEN,93.1,94.30872479485288
CAEN,100.0,94.34899867821
CAEN,80.9,82.46998971562303
CAEN,83.3,86.7546507936508
ROUEN,98.1,97.03823703670804
ROUEN,93.3,95.21464458277927
ROUEN,96.4,94.68593860282816
ROUEN,95.3,87.18209863274458
ROUEN,100.0,92.9753842827933
ROUEN,85.8,88.79007050047503
ROUEN,63.6,76.08063030779131
ROUEN,97.0,98.56528679102459
ROUEN,93.5,90.19175337993542
ROUEN,84.4,85.65997699607507
ROUEN,85.0,85.32250635170533
ROUEN,91.0,89.63397443709513
BORDEAUX,100.0,86.65990051117173
BORDEAUX,83.5,87.49096513954777
BORDEAUX,88.0,94.09144452577792
BORDEAUX,76.3,71.56374915759146
BORDEAUX,86.4,87.19212702336303
BORDEAUX,89.5,85.38412743715666
BORDEAUX,86.8,86.16022260198146
BORDEAUX,93.9,87.64817024426668
BORDEAUX,80.0,82.24132211903706
BORDEAUX,91.9,84.17489840748667
BORDEAUX,84.3,87.70194856664425
BORDEAUX,61.7,91.21870822197279
BORDEAUX,100.0,83.16230024956747
BORDEAUX,91.5,96.22889615030466
BORDEAUX,100.0,92.47280049486425
BORDEAUX,92.9,88.93981120567821
BORDEAUX,91.0,88.77352365713706
BORDEAUX,63.6,78.35684693553216
BORDEAUX,100.0,93.03464909200383
BORDEAUX,86.8,78.96229491465954
BORDEAUX,98.1,94.90475471132424
BORDEAUX,89.0,86.25543261017233
LIMOGES,86.6,87.7181701552026
LIMOGES,98.0,92.54602157072603
LIMOGES,94.7,90.08899475321726
LIMOGES,100.0,94.33422212769509
LIMOGES,86.3,89.34994713323205
POITIERS,81.8,83.54971637677784
POITIERS,89.4,90.14334499691006
POITIERS,85.1,91.19816239628415
POITIERS,95.7,91.87266965890596
POITIERS,68.7,80.84239502553145
POITIERS,92.9,90.74991401064091
POITIERS,94.5,89.2498479238361
POITIERS,84.0,87.67027923720443
POITIERS,100.0,91.55598262933356
POITIERS,84.6,85.83416385814252
POITIERS,78.3,89.1587790437755
POITIERS,69.2,80.58778986487512
POITIERS,82.6,87.89025166576141
POITIERS,91.4,89.91940689341605
POITIERS,81.3,90.4647754089552
POITIERS,88.5,92.69132646226039
POITIERS,100.0,88.11272644050818
POITIERS,79.4,90.8553740592037
MONTPELLIER,84.6,91.29295422460135
MONTPELLIER,77.6,89.83566336916641
MONTPELLIER,85.4,96.63423624589205
MONTPELLIER,81.8,80.97032897920009
MONTPELLIER,84.2,81.42163411730714
MONTPELLIER,82.5,82.68706472290792
MONTPELLIER,90.1,89.4433343580453
MONTPELLIER,77.3,85.58779719632444
MONTPELLIER,90.9,87.35454534239653
MONTPELLIER,99.2,98.51512584663368
MONTPELLIER,82.5,81.01787819330433
MONTPELLIER,88.3,90.30687123752206
MONTPELLIER,78.3,88.20130378625453
MONTPELLIER,66.7,93.84195910775303
MONTPELLIER,98.2,95.30755488859941
MONTPELLIER,91.8,85.18914980485519
MONTPELLIER,95.8,83.54315172691692
MONTPELLIER,89.8,86.28988383106552
MONTPELLIER,98.9,97.4723341966547
TOULOUSE,92.9,90.03318139691332
TOULOUSE,87.9,89.35744350789626
TOULOUSE,96.7,90.78389333932476
TOULOUSE,91.0,86.18684852292478
TOULOUSE,94.4,83.90810911247911
TOULOUSE,76.2,84.45750986618357
TOULOUSE,90.2,88.4671615394387
TOULOUSE,87.7,89.25345261806609
TOULOUSE,88.0,89.60430426401453
TOULOUSE,91.5,88.83872304003911
TOULOUSE,81.0,81.61138304936648
TOULOUSE,87.5,88.46107655086324
TOULOUSE,80.0,91.23156305820055
TOULOUSE,86.9,88.28640290401935
TOULOUSE,85.5,91.19776523157257
TOULOUSE,92.9,84.66617521801093
TOULOUSE,93.3,82.5301568209313
TOULOUSE,75.0,93.00353280450359
TOULOUSE,94.2,97.4822984238911
TOULOUSE,90.7,87.7496556427858
TOULOUSE,68.9,93.15436589907053
TOULOUSE,66.7,90.1854371071475
TOULOUSE,91.8,80.31343659013808
TOULOUSE,90.8,88.1295827311438
NANTES,94.9,90.0341522221911
NANTES,97.2,96.92153023568119
NANTES,90.6,88.11554557274192
NANTES,99.4,96.25443592934658
NANTES,98.0,97.72690223553545
NANTES,73.0,73.70101132594844
NANTES,98.2,98.69268701930733
NANTES,92.4,89.27339902777055
NANTES,95.1,90.13094080129994
NANTES,93.2,97.15568034491987
NANTES,96.6,98.65671672167389
NANTES,88.6,83.57356042596402
NANTES,73.3,84.53971993351837
NANTES,92.7,89.89350274874324
NANTES,86.5,89.17279722703722
NANTES,97.2,93.92159050269844
NANTES,70.7,85.3445378763285
AIX-MARSEILLE,85.3,86.75038150985314
AIX-MARSEILLE,67.9,78.15369488214725
AIX-MARSEILLE,92.8,89.92829157278447
AIX-MARSEILLE,77.7,87.52623191727649
AIX-MARSEILLE,92.2,87.75188589847677
AIX-MARSEILLE,85.7,92.08463514147199
AIX-MARSEILLE,84.9,83.0350399514752
AIX-MARSEILLE,89.0,86.87024988315483
AIX-MARSEILLE,82.8,87.94742612572223
AIX-MARSEILLE,100.0,97.07806573789262
AIX-MARSEILLE,100.0,98.41626286852787
AIX-MARSEILLE,100.0,94.03003568685529
AIX-MARSEILLE,79.8,81.44937631813849
AIX-MARSEILLE,87.5,73.88417889619376
AIX-MARSEILLE,89.6,86.28439298358764
AIX-MARSEILLE,50.0,84.80560072478472
AIX-MARSEILLE,100.0,96.8435821773773
AIX-MARSEILLE,75.9,85.22526686507932
AIX-MARSEILLE,95.4,93.7345977577374
AIX-MARSEILLE,90.3,88.54647311298073
AIX-MARSEILLE,78.7,85.52830878858431
AIX-MARSEILLE,72.2,88.72151943217823
NICE,100.0,84.05608055555564
NICE,93.9,91.81208415122883
NICE,94.5,88.59800254016857
NICE,95.1,89.5165790045432
NICE,87.0,85.7699561466829
NICE,95.1,89.25388522926072
NICE,95.6,90.15006070649589
NICE,82.4,78.87631541749914
CLERMONT-FERRAND,87.1,86.83781078503497
CLERMONT-FERRAND,90.9,84.8600387610727
CLERMONT-FERRAND,93.8,89.10388075476834
CLERMONT-FERRAND,74.1,89.63304435036862
GRENOBLE,75.3,89.35772471765347
GRENOBLE,64.0,90.93760785931447
GRENOBLE,86.0,83.90117108632734
GRENOBLE,88.5,88.1302391037443
GRENOBLE,93.0,83.67208106794234
GRENOBLE,98.9,97.83581622241176
GRENOBLE,97.1,96.42136789396407
GRENOBLE,88.7,91.07788618425644
GRENOBLE,95.5,92.36343866838635
GRENOBLE,93.6,95.67318690476188
GRENOBLE,95.1,87.96439523132958
GRENOBLE,99.3,96.06640742199593
GRENOBLE,95.7,88.47384316849808
GRENOBLE,95.7,87.31551449967972
GRENOBLE,82.3,95.0722262302693
GRENOBLE,99.6,97.68702855200361
LYON,89.2,88.48742864578709
LYON,82.6,86.71445229012939
LYON,94.8,94.02252153686987
LYON,88.4,89.70599877594508
LYON,94.0,90.19260171678533
LYON,90.7,95.62099641061924
LYON,79.2,83.13549704489763
LYON,63.2,73.06231699736463
LYON,66.7,78.88117120945941
LYON,90.5,93.41232010436273
LYON,76.2,80.4095887531372
LYON,88.9,81.58358383709566
LYON,97.6,98.39344553589102
LYON,98.3,97.25205292892619
LYON,98.0,97.60108977936905
LYON,99.4,97.52623863880028
LYON,93.0,88.62508357823788
LYON,42.9,79.89831369080915
LYON,94.7,96.49449284664801
BESANCON,71.9,87.07952587768101
BESANCON,86.7,88.89879786656238
BESANCON,98.5,89.20194075915332
BESANCON,96.0,92.67165084540122
DIJON,96.4,94.18092420676805
DIJON,80.0,83.83337240125664
DIJON,91.3,90.78410989624963
DIJON,91.8,96.59380353198537
DIJON,95.7,80.0589945738335
DIJON,84.5,89.0026586311938
DIJON,100.0,95.84224331826051
DIJON,85.8,89.51047681944266
RENNES,92.5,89.64273846474842
RENNES,82.7,90.13241816623355
RENNES,95.0,93.06026460323561
RENNES,82.6,91.19518577869049
RENNES,95.5,89.27014999894391
RENNES,100.0,95.8201421528428
RENNES,87.1,86.27088189363646
RENNES,87.5,89.56876397425947
RENNES,98.6,97.15513672951985
RENNES,93.8,86.2975661831254
RENNES,93.7,89.60508400709446
RENNES,97.8,92.43456034078376
RENNES,80.8,89.57889484120211
RENNES,93.9,89.89811470515852
RENNES,94.2,88.17340925281177
RENNES,88.9,88.42166411506221
LILLE,84.1,78.37627345097312
LILLE,89.1,89.18722318728203
LILLE,85.0,90.99551365689804
LILLE,81.1,83.92546302468163
LILLE,90.5,86.22218170487947
LILLE,77.8,79.6368944519112
LILLE,62.5,82.59033146747907
LILLE,88.7,83.77377816324324
LILLE,83.3,82.62875996594161
LILLE,90.5,87.70067532339657
LILLE,88.3,84.98568640529034
LILLE,91.0,89.8855097508421
LILLE,92.4,88.5447392055576
LILLE,98.3,96.43204263158772
LILLE,84.7,85.7554258425983
LILLE,90.0,85.04809219485308
LILLE,100.0,93.37529865592178
CRETEIL,96.2,89.75487327767141
CRETEIL,90.9,83.41442057416418
CRETEIL,86.3,78.55729902426081
CRETEIL,90.2,88.75017302945403
CRETEIL,84.4,88.55060268795317
CRETEIL,87.6,87.59685202969686
CRETEIL,78.7,77.36454382361937
CRETEIL,90.5,74.82667462287225
CRETEIL,81.3,82.99365469042448
CRETEIL,95.8,86.78651855031967
CRETEIL,92.5,86.05210433884757
CRETEIL,78.6,93.5482803235507
CRETEIL,83.7,79.20437008479892
CRETEIL,66.3,79.12034381077062
CRETEIL,78.9,78.65789832888818
CRETEIL,76.2,85.64748225874969
CRETEIL,91.7,82.25591937621775
CRETEIL,91.9,89.2214311930934
CRETEIL,96.5,97.10499710180095
CRETEIL,98.1,96.71863304261242
CRETEIL,88.9,81.47979933674128
CRETEIL,78.0,78.196293059527
CRETEIL,93.1,88.43456735626859
PARIS,94.7,88.67889921946245
PARIS,82.6,83.02628755511103
PARIS,100.0,89.11733117477829
PARIS,79.6,89.02544695032057
PARIS,83.3,71.21696550917541
PARIS,99.4,96.92649923321585
PARIS,81.1,83.335125157266
VERSAILLES,62.5,85.24694463560168
VERSAILLES,98.2,98.99496526813117
VERSAILLES,85.8,84.01237266000933
VERSAILLES,89.6,81.89925207319226
VERSAILLES,86.0,87.37018980788038
VERSAILLES,88.2,90.29292848714061
VERSAILLES,82.6,90.49310483936142
VERSAILLES,86.3,88.23052528144015
VERSAILLES,78.6,88.99484323809003
VERSAILLES,97.8,90.09069312940562
VERSAILLES,84.1,88.35912099629675
VERSAILLES,82.6,81.66594973857437
VERSAILLES,91.2,89.42263833428999
VERSAILLES,89.5,89.93839757186312
VERSAILLES,87.2,89.07728127229113
VERSAILLES,78.3,88.2665507947957
VERSAILLES,89.7,88.93016927810294
VERSAILLES,77.6,79.69270100859173
VERSAILLES,94.7,89.76933350158826
VERSAILLES,91.7,89.03578719045233
VERSAILLES,91.9,89.93790599105517
VERSAILLES,53.8,81.99258046864017
LA REUNION,80.9,80.31071408523272
LA REUNION,100.0,97.68721196661994
LA REUNION,86.8,88.52739971216835
MARTINIQUE,100.0,81.77792530585484
CAEN,90.3,87.73535894830862
CAEN,88.2,89.05476280236246
CAEN,87.8,88.54360579578774
CAEN,89.9,86.94188006898982
CAEN,93.1,87.19426689692008
CAEN,88.2,85.54717841242919
CAEN,100.0,91.75493283866254
CAEN,100.0,89.37175109009046
ROUEN,97.0,87.72104030340914
ROUEN,86.7,88.71814701884075
ROUEN,98.0,97.50487085697992
ROUEN,90.9,87.33278659042526
ROUEN,82.6,88.95193569669854
ROUEN,75.8,78.88669460432138
ROUEN,89.6,88.22427057509128
ROUEN,94.7,87.14202440523331
ROUEN,93.0,87.49082924017713
ROUEN,86.2,87.19285882290602
ROUEN,93.3,94.47586508504166
ROUEN,88.1,85.12469862516019
ROUEN,97.5,89.3834372431791
ROUEN,84.5,85.34561453366234
ROUEN,100.0,89.344192409719
BORDEAUX,97.1,88.68793505764452
BORDEAUX,90.9,91.3742011822315
BORDEAUX,88.4,86.65120839877531
BORDEAUX,80.7,87.16531227701059
BORDEAUX,83.1,90.52126890848794
BORDEAUX,72.4,85.68906036690188
BORDEAUX,78.2,81.0915167761711
BORDEAUX,81.3,83.89846698984165
BORDEAUX,87.3,88.34115051046551
BORDEAUX,100.0,95.55630399085906
BORDEAUX,100.0,95.37780687998604
BORDEAUX,73.3,76.94934371922791
BORDEAUX,71.0,84.81827888187638
BORDEAUX,97.0,92.0966706009276
BORDEAUX,100.0,94.79713628738251
BORDEAUX,95.6,89.68124231819883
BORDEAUX,93.2,88.77525676659099
BORDEAUX,100.0,92.92970999320195
BORDEAUX,63.6,74.29223128469422
LIMOGES,91.7,85.17669744515958
POITIERS,72.0,87.6673761754479
POITIERS,76.0,87.73299681295002
POITIERS,95.7,86.30132552258051
POITIERS,86.2,88.9502002031277
POITIERS,86.1,87.29230059283763
POITIERS,92.7,90.05351754642672
POITIERS,89.1,88.62277839977132
POITIERS,85.9,89.0051288704869
POITIERS,65.0,85.46146106934533
POITIERS,96.7,96.58537120745677
POITIERS,86.0,89.64998685278115
MONTPELLIER,79.4,86.63867684723122
MONTPELLIER,80.0,89.85327415756416
MONTPELLIER,81.3,77.47902889531687
MONTPELLIER,96.0,97.02957988836984
MONTPELLIER,91.5,88.87079264727221
MONTPELLIER,90.9,92.89995262273271
MONTPELLIER,98.3,96.8349965544981
MONTPELLIER,100.0,97.46213386532176
MONTPELLIER,89.6,88.57877184925857
MONTPELLIER,92.6,83.48920779254233
MONTPELLIER,72.9,89.66193741426088
MONTPELLIER,83.7,84.5300747152537
MONTPELLIER,84.7,89.70110115711148
MONTPELLIER,95.1,81.89988815065591
MONTPELLIER,100.0,87.28725739627899
MONTPELLIER,95.7,92.79119919044004
TOULOUSE,56.5,87.87253107300361
TOULOUSE,82.9,87.60454731860155
TOULOUSE,100.0,93.42032582730477
TOULOUSE,97.1,93.32425038443793
TOULOUSE,92.7,88.85145409705443
TOULOUSE,90.3,89.64710727776364
TOULOUSE,85.7,83.50856505787795
TOULOUSE,83.3,94.62427725193085
TOULOUSE,91.3,84.69877849791445
TOULOUSE,98.3,98.40430404198865
TOULOUSE,98.0,98.27103459169768
TOULOUSE,73.9,75.82174141340535
TOULOUSE,88.6,84.2212772687542
TOULOUSE,86.0,88.99309442094301
TOULOUSE,100.0,90.56794837632496
TOULOUSE,88.4,89.89773632681073
TOULOUSE,100.0,91.25594172009377
TOULOUSE,91.7,86.76561643454906
NANTES,92.5,96.612204801946
NANTES,91.1,86.05226473305636
NANTES,100.0,88.25928038034867
NANTES,100.0,94.77417133256999
NANTES,86.8,94.88968713717549
NANTES,93.5,89.63327251969578
NANTES,92.9,88.21372682661215
NANTES,72.5,83.69370949609298
AIX-MARSEILLE,100.0,83.58034195469806
AIX-MARSEILLE,97.6,97.35157410040678
AIX-MARSEILLE,85.3,85.71721163682118
AIX-MARSEILLE,63.6,95.42523076449254
AIX-MARSEILLE,97.2,88.68670445444806
AIX-MARSEILLE,97.1,93.99791711896654
AIX-MARSEILLE,80.4,75.05459080875268
AIX-MARSEILLE,67.0,74.58375449651975
AIX-MARSEILLE,59.8,71.65253983561946
AIX-MARSEILLE,82.6,96.6967291284538
AIX-MARSEILLE,76.5,88.59628511889242
AIX-MARSEILLE,65.2,71.68312418018671
NICE,100.0,96.9063061535418
NICE,78.4,88.18124403995594
NICE,100.0,97.77283999257885
NICE,77.8,87.52732147020797
LILLE,91.7,84.48003379377352
LILLE,90.4,83.36200826779161
LILLE,91.5,87.3046527930865
LILLE,69.2,73.66199555867729
LILLE,100.0,97.44898588084247
LILLE,99.4,98.62244857967276
LILLE,92.5,91.56801365246758
LILLE,73.5,88.09124191604847
LILLE,73.5,78.06104314387818
LILLE,86.9,84.16590986267387
LILLE,95.8,89.14698150928727
LILLE,81.8,90.3241562401021
LILLE,90.4,86.29224418929121
LILLE,100.0,97.93264760322019
LILLE,90.2,89.26064258491158
CRETEIL,95.0,88.7577835896605
CRETEIL,83.1,87.90124896545443
CRETEIL,85.4,86.6138010351328
CRETEIL,95.1,98.29120986221588
CRETEIL,84.0,88.63228231274384
CRETEIL,52.0,87.1894001132866
CRETEIL,100.0,85.4508305741856
CRETEIL,94.1,88.91306067593422
CRETEIL,96.6,97.54801371269886
CRETEIL,86.7,81.57837851002967
CRETEIL,83.5,82.81519876806102
CRETEIL,92.5,85.98467803610427
CRETEIL,81.1,80.88949373410072
CRETEIL,95.5,94.26032122604978
CRETEIL,79.7,87.2883007391174
CRETEIL,86.9,77.799509053631
CRETEIL,89.7,92.68034518445809
CRETEIL,91.5,89.3286641270992
CRETEIL,98.9,98.20892911535637
CRETEIL,95.2,89.6193462767391
CRETEIL,80.0,89.82018456677135
CRETEIL,78.5,77.39284415593684
CRETEIL,92.9,88.94495246587368
CRETEIL,86.4,87.58600720149582
PARIS,98.2,87.59428208502808
PARIS,85.7,74.54706855495074
PARIS,95.9,88.64256609549756
PARIS,68.7,83.79506674599159
PARIS,94.9,88.85027954648342
PARIS,93.3,90.96685974065502
PARIS,72.9,89.0900329889609
PARIS,98.2,98.89456747638658
PARIS,90.5,93.68811934814396
PARIS,97.5,97.21925114929724
PARIS,100.0,91.65833033341568
PARIS,77.4,79.38065587603882
PARIS,77.8,76.91125827553789
VERSAILLES,83.7,88.87905145742822
VERSAILLES,98.0,89.84259361111012
VERSAILLES,94.2,86.96242281637147
VERSAILLES,76.2,77.09830177065524
VERSAILLES,94.2,90.52327366003061
VERSAILLES,96.0,92.28951466854878
VERSAILLES,86.7,89.04100882328963
VERSAILLES,99.5,98.95097258207376
VERSAILLES,92.5,89.9387446599007
VERSAILLES,85.5,88.9320976124906
VERSAILLES,93.4,88.9946555848083
VERSAILLES,95.7,77.90268381431639
VERSAILLES,91.8,87.37622196388448
VERSAILLES,73.3,89.3895479103628
VERSAILLES,93.3,89.28767754400947
VERSAILLES,100.0,98.66040240714591
VERSAILLES,98.1,90.17836230124162
LA REUNION,77.8,80.38551328870268
LA REUNION,86.9,77.23210861151234
LA REUNION,92.9,87.60390188449973
LA REUNION,85.7,87.70516713951342
LA REUNION,79.4,88.62495833315262
LA REUNION,77.9,82.23138289807417
MARTINIQUE,92.3,88.11573278422405
MARTINIQUE,95.2,97.75678293167792
MARTINIQUE,100.0,90.72457154548518
MARTINIQUE,86.7,90.22868424786304
MARTINIQUE,71.4,77.95196360313516
MAYOTTE,72.8,84.85049047619053
MAYOTTE,78.5,76.9997634366412
MAYOTTE,76.4,77.33684747787251
CAEN,86.6,86.88986379388966
CAEN,86.6,89.30135438835255
CAEN,100.0,97.47101229717696
CAEN,91.2,88.46538124577678
CAEN,94.7,87.02815610767155
CAEN,98.2,97.9569967994673
CAEN,87.0,85.33526837276035
CAEN,90.6,88.22172434243497
CAEN,92.5,89.18054366508787
CAEN,92.9,85.45181007987861
CAEN,97.4,93.72747308614622
ROUEN,91.5,86.8782603913389
ROUEN,88.0,88.99636799513212
ROUEN,95.8,89.34206607514787
ROUEN,90.2,89.2120863822429
ROUEN,93.5,89.65461235829176
ROUEN,80.0,79.67099385691357
ROUEN,88.5,88.96049214327702
ROUEN,85.0,88.23621369579425
ROUEN,97.1,95.69952221144611
BORDEAUX,92.9,87.23736495416233
BORDEAUX,82.8,87.37809237249964
BORDEAUX,79.5,81.38308750000006
BORDEAUX,78.3,82.10317322117997
BORDEAUX,81.8,90.68873911865336
BORDEAUX,82.6,84.44830515058378
BORDEAUX,100.0,89.55868795039883
BORDEAUX,84.2,87.66147716930482
BORDEAUX,83.3,76.5885023730563
BORDEAUX,77.4,87.8038954234626
BORDEAUX,100.0,96.54404597559974
BORDEAUX,90.0,88.49340530610431
BORDEAUX,86.2,89.2478591660599
BORDEAUX,86.0,90.6846965240693
BORDEAUX,87.4,88.49060436962722
BORDEAUX,94.3,96.20401269484918
BORDEAUX,92.3,95.05666023290368
BORDEAUX,92.8,85.60585134222298
BORDEAUX,89.5,85.56051621498966
BORDEAUX,95.1,87.14217584348002
BORDEAUX,100.0,96.61305457723591
BORDEAUX,98.6,94.50107546824518
LIMOGES,75.0,92.44271303752244
LIMOGES,93.5,83.5905593687342
LIMOGES,73.0,83.39867899541395
POITIERS,93.8,85.59443369953235
POITIERS,81.8,89.07634663171608
POITIERS,94.7,95.81248136210334
POITIERS,84.1,87.28907260974391
POITIERS,91.7,88.18179786259523
POITIERS,92.9,96.46379283435057
POITIERS,83.7,87.63682814342104
POITIERS,100.0,95.31795838634443
MONTPELLIER,81.0,89.00362648105425
MONTPELLIER,90.5,92.85024129517909
MONTPELLIER,75.0,85.09008658416744
MONTPELLIER,53.3,89.79925223940155
MONTPELLIER,91.5,91.51359641000968
MONTPELLIER,83.3,85.70284270550825
MONTPELLIER,99.2,90.72563886648624
MONTPELLIER,73.4,88.02087040622648
MONTPELLIER,74.6,85.70765427329741
MONTPELLIER,93.9,88.05257065179657
MONTPELLIER,96.5,89.28887077870073
TOULOUSE,85.8,85.64703768332163
TOULOUSE,92.6,94.0993379102046
TOULOUSE,94.1,92.51940435659884
TOULOUSE,90.0,90.34154991408306
TOULOUSE,98.9,88.93044775304574
TOULOUSE,85.0,90.32136045749321
TOULOUSE,97.5,94.71370107230938
TOULOUSE,75.0,84.21897697761537
TOULOUSE,100.0,88.85086476240016
TOULOUSE,81.2,82.18749283014385
TOULOUSE,76.8,88.27652700157834
NANTES,84.2,80.93717148772689
NANTES,96.8,87.60898982491389
NANTES,82.7,89.56994255621571
NANTES,95.5,97.18613510725346
NANTES,93.9,95.49662090192787
NANTES,80.7,87.80783286206024
NANTES,96.6,88.1315811595536
NANTES,80.0,87.40495415319818
NANTES,100.0,83.85709227650581
NANTES,95.3,96.35562941567801
NANTES,96.4,95.42680208333324
NANTES,97.3,97.14451429094093
NANTES,95.1,89.31925345895363
NANTES,80.0,83.39894518167517
NANTES,93.7,94.28148687329704
NANTES,88.2,89.21057242304056
NANTES,100.0,95.95274391127137
NANTES,77.0,88.51057812372494
NANTES,100.0,95.59506703270802
NANTES,100.0,90.08930675353395
NANTES,96.7,95.52552163895675
NANTES,95.2,93.0707822428932
NANTES,94.1,95.8748565223053
NANTES,95.3,96.5028792518017
NANTES,94.3,94.54350143933134
AIX-MARSEILLE,100.0,97.5204199512672
AIX-MARSEILLE,95.0,84.71819794978096
AIX-MARSEILLE,100.0,95.43921468819467
AIX-MARSEILLE,73.6,78.17881784838657
AIX-MARSEILLE,77.4,76.35567351599981
AIX-MARSEILLE,95.4,96.87898104866254
AIX-MARSEILLE,100.0,69.21518441175786
AIX-MARSEILLE,99.3,97.55926000256763
AIX-MARSEILLE,94.4,85.95477398505231
AIX-MARSEILLE,89.2,90.14155536284025
AIX-MARSEILLE,81.5,84.60575444505173
AIX-MARSEILLE,89.7,88.64789821205386
NICE,91.9,84.47356586528944
NICE,89.1,87.11177025385008
NICE,89.4,87.98402666510592
NICE,87.0,92.89686518611391
NICE,99.5,97.715615090319
NICE,91.7,86.49116979332892
NICE,80.2,89.82559631764903
CLERMONT-FERRAND,94.4,86.93512022058799
CLERMONT-FERRAND,100.0,86.58858464766304
CLERMONT-FERRAND,91.3,90.00417346157909
CLERMONT-FERRAND,100.0,92.33394780105827
CLERMONT-FERRAND,91.7,92.79630984690725
CLERMONT-FERRAND,86.3,90.62373877623611
CLERMONT-FERRAND,100.0,93.80672415787244
CLERMONT-FERRAND,83.1,91.00019837169623
GRENOBLE,82.8,86.6073237845079
GRENOBLE,83.6,90.79507692230365
GRENOBLE,92.9,90.02546046653579
GRENOBLE,84.0,82.72048407694406
GRENOBLE,79.4,79.08243062112612
GRENOBLE,99.3,89.6779722620294
GRENOBLE,86.2,82.7935746553119
GRENOBLE,94.9,88.86028496833003
GRENOBLE,73.9,88.1603357780819
GRENOBLE,100.0,92.41629480598013
GRENOBLE,95.7,87.46115098633508
LYON,82.0,79.89737921462863
LYON,78.9,85.00114450535368
LYON,96.2,83.67290181884945
LYON,100.0,94.81530521549999
LYON,81.3,85.34889470404367
LYON,92.5,95.00192432252719
LYON,86.8,88.26986914513283
LYON,80.6,84.72759306938892
LYON,63.1,84.42971111075168
LYON,56.9,84.9310666666666
LYON,86.4,97.0525168166927
LYON,94.1,91.09275908657418
LYON,79.3,77.48708883811229
LYON,69.6,83.95039899936074
BESANCON,95.5,81.94480065791049
BESANCON,77.3,82.30886009880086
BESANCON,94.0,89.23604012601649
BESANCON,100.0,80.10913574633454
BESANCON,74.6,80.84783645996194
BESANCON,88.1,88.2242349622393
BESANCON,87.2,90.62688234733476
BESANCON,77.2,83.40663205831014
BESANCON,63.2,79.58086405878748
BESANCON,77.3,88.89479160950391
DIJON,93.8,81.03054468179907
DIJON,95.9,88.3982220011478
DIJON,78.3,91.95519975671526
DIJON,83.3,80.83028178305922
DIJON,89.7,90.78043511785108
DIJON,89.8,88.58090898878338
DIJON,81.7,88.68803843036528
RENNES,87.9,90.57515181691691
RENNES,95.8,90.78080473647171
RENNES,86.4,88.98134117647054
RENNES,89.2,88.8853556233941
RENNES,88.2,84.04175021719195
RENNES,83.3,86.57171358159133
RENNES,92.4,89.59936522455357
RENNES,98.3,91.84068305396671
RENNES,95.3,89.9919759611849
RENNES,92.2,89.14612124595358
RENNES,91.0,93.99395172669455
RENNES,94.1,90.12132480208601
RENNES,88.7,84.16638753263442
RENNES,88.9,90.45869684216117
RENNES,100.0,84.40655967520193
RENNES,94.0,88.21311552458245
RENNES,95.4,90.14257291576033
RENNES,78.0,89.08227173202606
RENNES,91.3,89.00586113099949
RENNES,80.4,87.10397222222225
RENNES,97.6,96.15868934425676
RENNES,80.0,88.81662637462749
RENNES,99.3,95.1481914148268
ORLEANS-TOURS,88.3,85.37721330320795
ORLEANS-TOURS,85.9,87.89684371503868
ORLEANS-TOURS,86.7,85.57740519177023
ORLEANS-TOURS,87.5,89.5845480346783
ORLEANS-TOURS,91.4,84.6134196532949
ORLEANS-TOURS,90.3,92.07348852933904
ORLEANS-TOURS,79.2,82.49661323175154
ORLEANS-TOURS,70.8,83.0526032725768
ORLEANS-TOURS,89.5,88.59080833825011
ORLEANS-TOURS,90.1,87.04577697069965
ORLEANS-TOURS,97.1,87.77758446226703
ORLEANS-TOURS,85.6,86.98818039554186
ORLEANS-TOURS,96.9,86.58882253972935
CORSE,83.6,83.39850358706231
CORSE,86.1,85.136762177889
NANCY-METZ,95.0,94.06957662594
NANCY-METZ,87.0,88.95125219844948
NANCY-METZ,83.8,85.30490233958025
NANCY-METZ,86.9,88.38189241277348
NANCY-METZ,92.8,88.33300093281636
NANCY-METZ,91.2,87.33865639934453
NANCY-METZ,86.0,90.16604734334662
NANCY-METZ,90.0,94.11229213149292
NANCY-METZ,70.6,88.01345597522058
NANCY-METZ,69.0,87.95531984044413
NANCY-METZ,100.0,98.4669126637344
NANCY-METZ,91.4,88.79190931620984
NANCY-METZ,74.8,82.36890575055692
NANCY-METZ,96.3,92.01195024528903
REIMS,100.0,91.50810913872246
REIMS,91.2,85.98836649839697
REIMS,83.3,80.96334992631957
REIMS,98.2,89.61268328747616
REIMS,97.1,87.68097470287029
STRASBOURG,85.6,86.02723003615625
STRASBOURG,87.6,87.6573327319802
STRASBOURG,92.0,89.4062160960035
STRASBOURG,82.2,81.03335715770136
STRASBOURG,94.5,98.23399464963857
GUADELOUPE,89.7,87.07764424452708
GUADELOUPE,80.0,87.31333786834068
AMIENS,100.0,91.62505712644736
AMIENS,79.4,86.92479883208578
AMIENS,83.0,87.52084513168593
AMIENS,95.0,88.44393354636006
AMIENS,71.2,80.66386846605769
AMIENS,100.0,87.12649729405004
AMIENS,90.9,85.83320520590527
AMIENS,96.2,97.17077181614431
AMIENS,91.4,81.96157280136987
AMIENS,90.0,86.29695799558381
AMIENS,76.9,88.70278201316694
AMIENS,97.8,96.34811723772397
AMIENS,100.0,94.62362162193742
LILLE,97.0,82.22305288684329
LILLE,87.3,87.98968615390082
LILLE,94.1,89.29013276574446
LILLE,87.0,86.36119117124117
LILLE,95.5,90.89736599166717
LILLE,65.5,90.54447131696638
LILLE,90.5,87.39356235460198
LILLE,96.2,99.11654897926537
LILLE,86.3,88.76891161288854
LILLE,100.0,88.23646296923853
LILLE,93.1,89.04595006328056
LILLE,86.5,79.92349526194837
LILLE,96.7,89.7490453656556
LILLE,92.1,85.38471125938806
LILLE,91.0,87.24434747705999
CRETEIL,98.3,97.9127532274646
CRETEIL,86.9,88.12242942049035
CRETEIL,76.7,57.076799999999906
CRETEIL,90.5,79.47024906627144
CRETEIL,100.0,85.02155514489691
CRETEIL,66.7,71.93083870967743
CRETEIL,100.0,76.12586437599683
CRETEIL,82.7,87.87261164786592
CRETEIL,96.8,98.93214361317867
CRETEIL,81.8,74.59249627184138
CRETEIL,71.1,89.68212719413818
CRETEIL,93.2,89.62347737391038
CRETEIL,92.8,86.27388169645728
PARIS,88.2,71.62718669376001
PARIS,92.9,89.14100651993218
PARIS,79.6,83.32380359832132
PARIS,90.9,89.47979757035695
PARIS,88.5,89.38534068344288
PARIS,88.2,83.50364654430527
PARIS,100.0,74.11397727272727
VERSAILLES,75.9,79.22763260925774
VERSAILLES,87.7,89.46222857864747
VERSAILLES,79.9,83.55636389818794
VERSAILLES,100.0,95.664468751495
VERSAILLES,86.6,89.69033029922056
VERSAILLES,85.6,81.50802251242422
VERSAILLES,98.7,96.71534987478267
VERSAILLES,100.0,98.906901118235
VERSAILLES,97.2,89.89456767601261
VERSAILLES,81.3,83.05337566039515
VERSAILLES,86.4,86.54351683433974
VERSAILLES,86.2,88.44457009575153
VERSAILLES,82.2,87.94208136599012
VERSAILLES,82.6,69.79617511267048
VERSAILLES,70.5,74.64951673892728
VERSAILLES,87.5,88.36879943905322
LA REUNION,75.9,82.87551157766339
LA REUNION,81.1,81.62521395606963
MARTINIQUE,71.9,77.11888023088017
MARTINIQUE,80.6,82.03508152416502
MARTINIQUE,72.2,85.59561994941123
MAYOTTE,76.5,75.96501068068704
CAEN,84.1,87.43440702690053
CAEN,95.8,89.42959669944146
CAEN,91.3,90.07228406397888
CAEN,100.0,96.82958872939032
CAEN,81.5,91.40920725321084
CAEN,97.5,95.23880662614529
CAEN,95.4,88.14564847632515
CAEN,88.1,91.32052371040993
CAEN,90.7,91.2446339665262
CAEN,92.3,91.48261931095847
ROUEN,79.3,81.77406301982204
ROUEN,96.0,96.50065693869307
ROUEN,78.9,87.12088790740432
ROUEN,89.3,88.30426367950241
ROUEN,93.0,90.0928234930534
ROUEN,100.0,96.00491604604966
BORDEAUX,76.5,80.88031944192997
BORDEAUX,95.5,90.0648938504544
BORDEAUX,90.6,89.51331198204883
BORDEAUX,72.4,86.49969857261485
BORDEAUX,83.1,88.71912120382063
BORDEAUX,85.2,86.93224032730579
BORDEAUX,92.9,87.9356536251566
BORDEAUX,89.2,86.26039165341858
BORDEAUX,87.7,91.70128560127951
BORDEAUX,92.9,88.94497411690996
BORDEAUX,87.5,83.5027550371559
LIMOGES,92.0,87.9852463358319
LIMOGES,99.3,97.2273200740311
LIMOGES,80.0,85.17669744515958
POITIERS,88.9,89.40146186183598
POITIERS,78.3,91.02580792241555
POITIERS,79.6,87.59518618774719
POITIERS,87.0,89.24501343663678
POITIERS,88.9,92.30750981162196
MONTPELLIER,75.6,89.37413098120916
MONTPELLIER,86.7,86.11326181198436
MONTPELLIER,99.5,95.34303260281375
MONTPELLIER,78.1,89.25888179146736
MONTPELLIER,84.1,88.68828125049329
MONTPELLIER,96.7,96.80417282799834
MONTPELLIER,97.5,98.19670627555224
MONTPELLIER,82.4,85.76662441632001
MONTPELLIER,83.7,88.22923282637413
MONTPELLIER,93.6,95.24824939595875
MONTPELLIER,83.3,87.60293822573489
MONTPELLIER,100.0,94.27555382126035
TOULOUSE,92.3,89.32201573444466
TOULOUSE,84.6,93.6636696650221
TOULOUSE,95.7,94.74124603342449
TOULOUSE,74.6,88.53230515579565
TOULOUSE,93.0,89.6178125018433
TOULOUSE,93.7,88.77420670707014
TOULOUSE,93.5,97.90549835880375
TOULOUSE,92.9,80.82280852594475
TOULOUSE,83.5,87.96760381952014
TOULOUSE,82.0,89.07668045961911
TOULOUSE,81.8,95.31065333214214
NANTES,87.2,87.55238174031085
NANTES,98.2,98.55134871846815
NANTES,94.1,90.21492638120398
NANTES,99.4,96.59638025084801
NANTES,73.4,89.51709566890888
NANTES,92.3,89.87392215562068
NANTES,88.7,88.48738713069223
NANTES,95.4,88.60980933021585
NANTES,30.0,89.68960622169475
NANTES,88.5,89.31837627097289
AIX-MARSEILLE,83.9,85.5615500847641
AIX-MARSEILLE,80.9,87.85089627496438
AIX-MARSEILLE,78.3,80.37477280609735
AIX-MARSEILLE,80.4,74.81188974358969
AIX-MARSEILLE,83.2,79.91465035937159
AIX-MARSEILLE,76.5,56.24137693084719
AIX-MARSEILLE,82.0,87.93334031794313
NICE,100.0,98.09109793674382
NICE,86.2,87.88265117127236
NICE,83.6,87.65832562666361
NICE,97.0,89.83578584790075
NICE,90.5,86.75130943874201
NICE,82.6,87.92285844919213
CLERMONT-FERRAND,84.5,82.69491582584207
CLERMONT-FERRAND,93.8,81.65055580902158
CLERMONT-FERRAND,100.0,94.27258303044084
CLERMONT-FERRAND,95.8,92.30435124059042
CLERMONT-FERRAND,95.5,92.42103276104933
CLERMONT-FERRAND,89.9,88.33389393947397
CLERMONT-FERRAND,100.0,96.48090900590731
CLERMONT-FERRAND,91.3,93.13363872412883
CLERMONT-FERRAND,77.6,89.17896197130948
CLERMONT-FERRAND,95.5,90.95687086480382
GRENOBLE,86.5,87.44323643211986
GRENOBLE,95.8,92.0068108958697
GRENOBLE,94.4,89.5192414248107
GRENOBLE,82.3,90.98439151116366
GRENOBLE,76.4,83.27415974281139
GRENOBLE,100.0,92.88964978699083
GRENOBLE,92.7,90.36141837235489
GRENOBLE,89.5,84.60677224905841
GRENOBLE,88.7,87.43199437483219
GRENOBLE,84.9,92.22684307344413
GRENOBLE,83.9,89.68995838687408
GRENOBLE,91.8,87.76547330179429
GRENOBLE,86.6,88.6642207659803
LYON,100.0,78.48222955786277
LYON,85.3,84.55073440278714
LYON,91.3,86.28370874447961
LYON,88.9,88.57466705491996
LYON,66.7,75.7514091646026
LYON,87.7,83.55760380473832
LYON,83.3,77.93821671024575
LYON,40.0,86.53623767921336
LYON,89.5,91.58131917215479
LYON,60.9,76.72489744534172
LYON,71.9,79.55952594801987
LYON,98.1,95.02423709250861
LYON,100.0,89.9582339651682
LYON,70.9,84.33167780959919
BESANCON,90.0,88.26107526403963
BESANCON,90.7,89.80907086648482
BESANCON,100.0,93.60887313021735
BESANCON,87.7,77.30135328864547
BESANCON,90.0,92.14741272512822
BESANCON,87.0,79.80604320587821
DIJON,82.1,88.54996835485528
DIJON,99.2,96.5817916831516
DIJON,75.2,82.4167928038975
DIJON,94.2,89.88580732914929
DIJON,89.9,82.41197322726417
DIJON,85.7,88.216406774923
DIJON,92.9,85.36117049943198
DIJON,94.0,90.93581368881286
DIJON,87.9,89.15298938101706
RENNES,90.8,85.73300043472142
RENNES,94.7,88.31303392128464
RENNES,96.2,94.0427835595338
RENNES,87.0,89.44140202401583
RENNES,93.6,91.07228389935528
RENNES,99.0,94.4677232142856
ORLEANS-TOURS,80.0,88.87612599186961
ORLEANS-TOURS,89.6,89.13555772127921
ORLEANS-TOURS,69.2,87.94457893366763
ORLEANS-TOURS,88.7,90.61347240298136
ORLEANS-TOURS,81.4,85.59208021169574
ORLEANS-TOURS,76.8,81.22849768796995
ORLEANS-TOURS,95.2,96.48816791978231
ORLEANS-TOURS,78.9,79.14794348724689
ORLEANS-TOURS,100.0,85.24728895041139
ORLEANS-TOURS,80.0,85.87302568286752
ORLEANS-TOURS,95.7,82.52922815887399
ORLEANS-TOURS,92.5,87.59218997805499
ORLEANS-TOURS,93.1,86.31064906831699
ORLEANS-TOURS,86.0,87.12760534271594
ORLEANS-TOURS,95.0,87.04054501566587
ORLEANS-TOURS,91.3,87.91061802012904
ORLEANS-TOURS,85.3,86.30945441466324
ORLEANS-TOURS,85.0,86.28600442157658
ORLEANS-TOURS,81.7,86.51445577120721
NANCY-METZ,75.8,89.69146410467918
NANCY-METZ,94.8,91.17321345771903
NANCY-METZ,91.7,91.89227543996846
NANCY-METZ,86.7,94.64078957097276
NANCY-METZ,92.2,84.78060229398282
NANCY-METZ,89.0,88.59459606783683
NANCY-METZ,89.0,83.77244840584605
NANCY-METZ,86.8,87.7304249655848
NANCY-METZ,97.8,94.74472134041848
NANCY-METZ,89.1,87.49945163360812
NANCY-METZ,90.1,87.98484745012189
NANCY-METZ,96.2,90.38986356231432
REIMS,84.2,86.15797459102407
REIMS,88.4,89.73678184966774
REIMS,88.6,86.834504129193
REIMS,99.0,96.36268411060902
REIMS,100.0,90.70082921278981
REIMS,93.3,85.10100545918857
STRASBOURG,91.2,90.13439963000917
STRASBOURG,66.7,75.69078171521491
STRASBOURG,86.7,90.8601185932121
STRASBOURG,44.2,76.4675443673852
STRASBOURG,96.8,94.60800858755616
STRASBOURG,93.2,91.81115416061111
STRASBOURG,95.0,97.21807983833604
STRASBOURG,88.3,89.5771044986457
GUADELOUPE,97.4,84.76680275487266
GUADELOUPE,81.1,86.47814316233577
GUADELOUPE,84.1,86.28683020023377
GUYANE,100.0,95.81349216138898
AMIENS,91.1,83.72726054268816
AMIENS,86.0,88.03559487534378
AMIENS,100.0,86.16814441134882
AMIENS,100.0,82.96972922785824
AMIENS,84.2,86.69230011244328
AMIENS,84.3,88.135940395302
AMIENS,82.5,88.50083110671974
AMIENS,92.9,83.42686297401633
LILLE,99.0,97.89943673390395
LILLE,97.4,98.80790382335596
LILLE,95.0,93.85183612413064
LILLE,77.8,89.02544601893759
LILLE,84.2,84.54993598570037
LILLE,97.6,97.10458943935821
LILLE,100.0,90.58245120211535
LILLE,94.0,87.64439697190251
LILLE,93.5,83.1541215903989
LILLE,97.8,97.714222181191
LILLE,90.1,89.17373190666008
CRETEIL,100.0,96.00878866762935
CRETEIL,91.3,82.39162821944561
CRETEIL,88.3,88.72138070557202
CRETEIL,93.4,93.59704715779736
CRETEIL,75.0,78.1774420733297
CRETEIL,78.6,73.27783816291449
CRETEIL,85.3,87.41447217730236
CRETEIL,80.1,80.15010333611308
CRETEIL,81.3,84.45501688317445
PARIS,77.8,84.5714056153188
PARIS,60.0,69.18793109276726
PARIS,96.9,98.71838226241755
VERSAILLES,91.2,88.38097188296841
VERSAILLES,84.0,80.62020779161388
VERSAILLES,87.7,80.3672675339027
VERSAILLES,96.7,93.44052149427256
VERSAILLES,99.5,99.30320746864585
VERSAILLES,100.0,94.78874832825849
VERSAILLES,90.6,89.82160768597959
VERSAILLES,83.1,89.76522975334848
VERSAILLES,84.6,89.20658829345034
VERSAILLES,96.4,88.70332580580597
VERSAILLES,74.2,88.86230107960924
VERSAILLES,89.7,87.92651559622195
VERSAILLES,92.8,89.10296524541917
VERSAILLES,81.6,89.0903274695507
VERSAILLES,75.0,84.54600600363221
VERSAILLES,99.4,89.24183993087837
LA REUNION,79.7,89.22306697856857
LA REUNION,74.6,77.50828605215472
LA REUNION,87.4,84.96787291398374
MARTINIQUE,73.6,80.02240001819831
MARTINIQUE,100.0,97.41424306303173
CAEN,82.4,87.4812027075916
CAEN,68.6,86.93531051332656
CAEN,78.8,88.9558471474786
CAEN,82.1,90.50253630609606
ROUEN,79.7,86.9638720610883
ROUEN,79.6,89.6397466414648
ROUEN,89.7,88.52756379632818
ROUEN,95.4,91.03050871086187
ROUEN,65.6,85.65686702276591
ROUEN,39.1,86.69903347246068
BORDEAUX,97.6,97.66188113387896
BORDEAUX,77.1,85.95549728949571
BORDEAUX,94.7,92.00977138559048
BORDEAUX,73.4,82.906819965516
BORDEAUX,90.7,96.65209144230896
BORDEAUX,87.9,89.68452732949117
BORDEAUX,88.6,85.0376492537101
BORDEAUX,78.6,91.69657577556134
LIMOGES,89.3,86.4304999766725
LIMOGES,86.1,89.79049321802711
LIMOGES,88.6,87.36206900807953
POITIERS,84.6,88.0190698633487
POITIERS,97.1,96.4803489525297
POITIERS,100.0,87.8426189950968
POITIERS,95.8,87.31102141099572
POITIERS,94.7,92.78554443676785
POITIERS,87.5,89.65974595224354
MONTPELLIER,88.0,80.39739244181138
MONTPELLIER,91.8,90.31464528224569
MONTPELLIER,90.5,85.20955666289298
MONTPELLIER,96.2,88.64524106148329
MONTPELLIER,81.9,92.48628206251976
TOULOUSE,90.3,76.36475069363583
TOULOUSE,74.5,89.22896096727968
TOULOUSE,88.5,89.72267755360679
TOULOUSE,87.0,82.165783182216
TOULOUSE,98.8,89.89009496352327
TOULOUSE,100.0,84.37027946946058
TOULOUSE,90.2,86.09773044443602
TOULOUSE,87.4,90.02854324145787
NANTES,85.3,94.28328068216081
NANTES,88.0,89.517666592495
NANTES,95.6,89.74543902140627
NANTES,77.8,84.00829991234234
NANTES,87.8,87.47735064007911
NANTES,81.7,89.9868152937877
NANTES,99.0,98.30256292731084
NANTES,100.0,91.10009811287351
NANTES,90.1,89.86062765312116
NANTES,93.7,86.63094011860669
NANTES,97.3,91.22762470228095
NANTES,78.9,88.27786236535538
AIX-MARSEILLE,81.3,85.1633786662169
AIX-MARSEILLE,97.1,97.3709995353295
AIX-MARSEILLE,92.6,86.65790341160125
AIX-MARSEILLE,96.2,96.2489946088302
AIX-MARSEILLE,83.2,98.69242639833608
AIX-MARSEILLE,71.1,79.03181782885098
AIX-MARSEILLE,100.0,97.9494551537563
AIX-MARSEILLE,91.7,88.3296108292288
AIX-MARSEILLE,87.9,86.29238647207814
NICE,78.3,80.79807598231632
NICE,97.1,93.43117629761629
CLERMONT-FERRAND,90.3,91.37367486235078
GRENOBLE,83.4,88.94093651212332
GRENOBLE,100.0,97.48418786782159
GRENOBLE,100.0,90.24594696812692
GRENOBLE,77.3,86.01127460674195
GRENOBLE,97.4,88.07690584841467
GRENOBLE,81.5,90.54641694462471
LYON,80.5,87.0049497124743
LYON,98.2,90.5660960219106
LYON,100.0,96.51498581088381
LYON,92.9,88.39369639113507
LYON,87.5,90.5350369327744
LYON,90.3,95.40911798364215
LYON,89.6,82.95239275309706
BESANCON,94.4,89.70058896111708
DIJON,71.8,91.10959963022606
DIJON,85.0,80.50238135720109
DIJON,81.0,80.70245439406928
DIJON,74.1,88.29825987812146
RENNES,78.3,91.07357292162787
RENNES,94.4,95.5221574145999
RENNES,71.4,81.25207962352367
RENNES,100.0,94.76975966552845
RENNES,91.9,88.26989429790636
RENNES,92.3,87.1124954257655
RENNES,85.7,90.27068864187892
ORLEANS-TOURS,91.5,94.37339142533537
ORLEANS-TOURS,81.8,77.65712699667137
ORLEANS-TOURS,62.5,82.19292333221206
ORLEANS-TOURS,100.0,94.43976053863395
ORLEANS-TOURS,83.3,74.9846059371879
ORLEANS-TOURS,90.8,87.15903435023033
CORSE,95.1,79.94852482004913
NANCY-METZ,96.2,89.9100801377321
NANCY-METZ,92.0,88.88906729872062
NANCY-METZ,84.9,84.50360502235489
NANCY-METZ,85.7,85.56443952200368
NANCY-METZ,90.8,86.22846454554032
NANCY-METZ,52.2,81.42557790705546
NANCY-METZ,92.2,90.96468094904206
NANCY-METZ,98.5,89.43431149523887
NANCY-METZ,81.8,89.13956476238434
REIMS,86.4,90.36998000024289
REIMS,69.7,87.08767806888025
REIMS,90.8,87.8720668262012
REIMS,93.3,91.92519718649716
REIMS,99.2,96.94596747302487
REIMS,88.0,90.70967967700972
STRASBOURG,99.3,88.86502555878081
STRASBOURG,87.0,84.49040178127066
STRASBOURG,89.3,88.48055490707428
STRASBOURG,68.3,77.89564547611596
STRASBOURG,89.2,88.94823108785369
GUADELOUPE,93.8,89.15133025100289
GUYANE,92.8,73.30446666666667
GUYANE,93.7,87.4168202187406
AMIENS,88.5,86.6854970013582
AMIENS,84.1,85.29978959911226
AMIENS,92.3,82.32929742063497
AMIENS,87.5,92.74104620472269
AMIENS,93.0,86.16426094677794
AMIENS,70.0,86.01946556210531
LILLE,99.7,99.35604380010355
LILLE,90.8,88.79302596158811
LILLE,87.7,90.03544622829833
LILLE,50.0,67.87786825539845
LILLE,82.4,89.94806285009088
LILLE,94.7,86.20968313205522
LILLE,77.3,82.44326196849026
LILLE,89.4,95.54556845705312
LILLE,100.0,95.51671209392103
CRETEIL,95.0,82.67571177096525
CRETEIL,95.5,89.44191435563698
CRETEIL,80.1,89.91594496944528
CRETEIL,91.9,88.02668625617207
CRETEIL,91.0,88.488927612189
CRETEIL,89.0,89.59795613463521
CRETEIL,90.2,90.81936798396242
CRETEIL,91.1,87.39607869451903
CRETEIL,79.5,81.73902126846882
CRETEIL,91.3,81.12551247050625
CRETEIL,82.7,80.48225111480482
CRETEIL,91.8,77.62300357815094
CRETEIL,98.3,96.54606649706088
CRETEIL,79.2,87.81014023494672
CRETEIL,72.8,77.41260122741282
PARIS,82.5,84.46691563570015
PARIS,95.9,89.91387669682086
PARIS,91.7,90.5543346133824
VERSAILLES,81.1,83.40014327708352
VERSAILLES,95.5,90.07122037048984
VERSAILLES,81.0,88.48353369891629
VERSAILLES,100.0,86.35424310891885
VERSAILLES,94.4,88.82743921082891
VERSAILLES,90.0,87.3532206782546
VERSAILLES,87.8,80.33639343149075
VERSAILLES,96.3,90.36082721955862
VERSAILLES,87.2,89.78299279852462
VERSAILLES,100.0,98.0598317715921
VERSAILLES,85.0,87.20585981952185
VERSAILLES,74.8,83.4581806180165
VERSAILLES,85.7,85.25572665485268
LA REUNION,73.1,76.74222813756263
LA REUNION,75.9,76.49906558965691
LA REUNION,85.2,87.0440115642387
LA REUNION,87.6,78.78021351454758
MARTINIQUE,88.9,87.86331702080369
MARTINIQUE,66.7,90.87894435786099
MARTINIQUE,87.5,84.31970198412688
CAEN,78.3,84.92434450235693
CAEN,86.5,89.21334596480969
CAEN,94.1,86.4472177163661
CAEN,86.4,88.84991797919247
CAEN,100.0,87.27290984014158
CAEN,83.8,86.98904891279831
CAEN,86.4,90.72383855151305
ROUEN,90.9,81.81100986287407
ROUEN,87.5,81.68478886681271
ROUEN,80.6,83.77025061496865
ROUEN,81.1,87.87165422706337
ROUEN,80.2,87.98879318836102
ROUEN,79.2,84.4147004520083
ROUEN,93.6,89.02354274777825
BORDEAUX,94.9,84.98907773432745
BORDEAUX,85.4,87.0596024015898
BORDEAUX,100.0,97.80458915157463
BORDEAUX,87.1,95.0367938627841
BORDEAUX,98.3,98.504705135344
BORDEAUX,71.5,87.11780504528485
BORDEAUX,95.2,86.72756742231138
BORDEAUX,76.5,83.72258642537432
BORDEAUX,94.7,80.18904969900116
BORDEAUX,89.5,87.11780592594694
BORDEAUX,100.0,86.56102793191002
LIMOGES,77.1,77.29748876133904
LIMOGES,80.0,86.88050125482303
LIMOGES,88.5,89.38203840072329
LIMOGES,92.2,90.17676724616533
LIMOGES,48.4,73.77828866279498
POITIERS,87.5,90.55222348202118
POITIERS,89.0,87.98717410775068
POITIERS,86.3,81.5533714083002
POITIERS,96.3,96.71117029306184
POITIERS,95.6,96.88029925650716
POITIERS,85.9,90.00241932547415
MONTPELLIER,95.6,90.9694680405834
MONTPELLIER,73.4,83.15713548486364
MONTPELLIER,86.5,80.15851242861204
MONTPELLIER,80.0,73.87007787228356
MONTPELLIER,98.2,96.18473344288064
MONTPELLIER,83.1,89.42257413100951
MONTPELLIER,94.4,90.02384155148542
MONTPELLIER,99.6,98.7995880221657
MONTPELLIER,95.8,85.37139136249124
MONTPELLIER,78.3,90.04947002786916
TOULOUSE,95.8,88.47082652033322
TOULOUSE,90.7,87.21932538513224
TOULOUSE,91.4,88.93962514640593
TOULOUSE,92.4,90.13564370263325
NANTES,96.6,95.63277360544375
NANTES,100.0,89.316878055754
NANTES,88.9,87.14643776496254
NANTES,96.9,94.76377214280163
NANTES,90.1,88.44756600509521
NANTES,94.7,89.95352423134531
NANTES,100.0,85.27943414349058
NANTES,87.0,89.59446756135088
NANTES,90.7,89.66362285144247
NANTES,86.7,85.27787325991314
NANTES,99.5,96.30587159973277
AIX-MARSEILLE,77.8,68.57900000000005
AIX-MARSEILLE,100.0,97.01315140861297
AIX-MARSEILLE,69.3,79.2429779521427
AIX-MARSEILLE,92.8,84.43899376262647
AIX-MARSEILLE,91.0,89.09393544948234
NICE,89.7,89.00103702047014
NICE,97.7,88.27617484201241
NICE,91.8,88.14301915852364
NICE,89.7,89.36814722056015
NICE,95.5,89.9149362821198
RENNES,58.3,77.69872500646059
RENNES,99.1,90.19557996397161
RENNES,91.8,90.16618546771768
RENNES,96.4,84.74124103600799
ORLEANS-TOURS,92.3,93.0214719740896
ORLEANS-TOURS,76.0,86.35489402758996
ORLEANS-TOURS,92.9,85.55763940809285
ORLEANS-TOURS,97.1,94.6582714823061
ORLEANS-TOURS,70.8,85.91527327821697
CORSE,83.0,85.84885365131497
NANCY-METZ,89.7,89.16714639701902
NANCY-METZ,87.8,87.22437577228914
NANCY-METZ,92.3,88.2394044462754
NANCY-METZ,100.0,96.41015593963473
NANCY-METZ,100.0,95.10756857063019
NANCY-METZ,90.6,90.10259782777088
NANCY-METZ,92.9,88.95484067874992
NANCY-METZ,82.0,85.33748694944177
REIMS,80.6,86.14778662656641
REIMS,77.4,89.35037999267725
REIMS,68.8,90.01623164303038
REIMS,89.7,85.18090104843209
STRASBOURG,70.5,92.86888954604072
STRASBOURG,94.8,86.08215675633757
GUADELOUPE,87.5,76.30579253396564
AMIENS,75.0,85.2150203194599
AMIENS,95.2,87.77663627415383
AMIENS,91.7,87.06321519067119
AMIENS,85.5,86.90499417954352
AMIENS,91.8,88.20198461235331
AMIENS,99.0,90.19163433328119
AMIENS,88.9,89.94676585611843
LILLE,93.9,97.82415905482843
LILLE,88.6,87.10764136400009
LILLE,98.4,99.46107231950081
LILLE,91.4,93.48481097706299
CRETEIL,86.2,84.38291383477471
CRETEIL,93.0,88.98816405039828
CRETEIL,98.4,90.38949354106178
CRETEIL,92.1,89.63449936362143
CRETEIL,80.0,74.69646460741171
CRETEIL,76.7,88.35005685525242
CRETEIL,94.7,77.68493237168308
VERSAILLES,95.0,88.69341408176737
VERSAILLES,91.7,89.49765722710619
VERSAILLES,77.7,89.71984854233241
VERSAILLES,94.3,95.7741912487192
VERSAILLES,68.2,82.90158933936665
VERSAILLES,69.8,81.11485689868663
CAEN,87.5,88.23684806936245
CAEN,100.0,83.66455036907844
CAEN,84.9,82.24019277669433
CAEN,96.5,91.27440350332114
ROUEN,94.0,94.56133569888603
ROUEN,88.6,86.43626095996348
ROUEN,91.8,86.9281963025363
ROUEN,93.2,94.90346042933514
ROUEN,83.9,88.59433164173623
BORDEAUX,83.3,87.5566678550088
BORDEAUX,84.6,75.6008254207944
BORDEAUX,92.7,96.8165178101955
BORDEAUX,89.5,87.98574721001097
BORDEAUX,88.6,81.52496176899105
BORDEAUX,90.8,87.88599232322797
BORDEAUX,100.0,95.93402109354027
BORDEAUX,90.9,96.28715255236447
BORDEAUX,94.1,87.54654505717409
BORDEAUX,95.8,89.60165263480751
BORDEAUX,94.4,86.77511686693477
LIMOGES,84.7,85.14828051617333
POITIERS,91.1,90.08825080722082
POITIERS,83.1,87.58636024909215
POITIERS,67.7,88.54491152462042
POITIERS,100.0,86.20092572696946
POITIERS,100.0,96.03171225263102
MONTPELLIER,88.7,89.43312640487
MONTPELLIER,92.0,88.90408707831584
MONTPELLIER,100.0,86.11662915673605
MONTPELLIER,78.8,91.99235472208753
MONTPELLIER,97.1,89.6894376952936
MONTPELLIER,88.9,88.33601100776437
TOULOUSE,85.7,90.09372301052106
TOULOUSE,100.0,96.57187459318783
TOULOUSE,83.3,81.18214379833144
TOULOUSE,100.0,84.66617521801093
NANTES,93.4,96.93254593442957
NANTES,98.1,96.1417959905811
NANTES,79.7,76.71241285241862
NANTES,98.6,98.41871947740395
NANTES,90.5,83.54402509621909
NANTES,80.4,88.6798066740564
NANTES,84.1,89.45785149465797
NANTES,100.0,96.60842911045782
NANTES,75.0,73.0017075508781
AIX-MARSEILLE,86.0,87.88613200474026
AIX-MARSEILLE,82.7,93.59594417823662
AIX-MARSEILLE,88.2,95.11164531095301
AIX-MARSEILLE,73.9,78.15521815842989
AIX-MARSEILLE,100.0,81.4545478194146
NICE,91.2,89.35076705415568
NICE,88.8,88.26328715806143
CLERMONT-FERRAND,87.7,87.24132878693186
CLERMONT-FERRAND,100.0,85.5682530119228
GRENOBLE,88.6,83.50073836105638
GRENOBLE,88.0,85.20789171339158
GRENOBLE,93.3,82.99847174253019
GRENOBLE,99.3,97.36327671098809
GRENOBLE,83.3,84.26404632707504
GRENOBLE,90.9,88.52120123395956
GRENOBLE,88.3,88.52329345854758
LYON,89.2,93.53129012639192
LYON,64.8,79.31240556505307
LYON,87.5,75.93534930828915
LYON,85.0,88.39295687012758
LYON,80.8,76.23366511622467
BESANCON,79.3,87.76998083065932
BESANCON,83.7,89.50969638273338
BESANCON,91.4,84.51151816902757
BESANCON,92.1,88.43465833410812
BESANCON,96.9,98.13779222492778
DIJON,91.1,78.88866129885692
DIJON,92.3,91.77455696168698
DIJON,96.7,89.45424646834309
RENNES,82.6,89.17131798383252
RENNES,85.2,96.17305490976895
RENNES,94.3,89.83689796700084
RENNES,95.2,88.68082509140899
ORLEANS-TOURS,83.9,75.43632589771659
ORLEANS-TOURS,95.7,86.81091219779307
ORLEANS-TOURS,100.0,92.32719230130319
ORLEANS-TOURS,69.0,76.95521686290571
ORLEANS-TOURS,80.3,88.46861629520863
ORLEANS-TOURS,88.2,79.68765762930688
ORLEANS-TOURS,75.2,86.72884757163867
CORSE,88.1,89.40542039800255
NANCY-METZ,91.3,89.73037942944008
NANCY-METZ,100.0,88.60725425767427
NANCY-METZ,91.0,87.64248878960493
NANCY-METZ,82.3,88.37770633895336
NANCY-METZ,75.0,91.47317961183366
NANCY-METZ,79.1,78.61073510378513
NANCY-METZ,88.2,89.95378968521456
NANCY-METZ,82.6,87.5757724609478
REIMS,96.3,95.11398632500844
REIMS,87.3,81.72266246877182
REIMS,50.0,90.3732762804432
REIMS,79.8,85.1374728151461
REIMS,89.5,84.12577881683424
STRASBOURG,90.8,88.96381434685216
STRASBOURG,93.8,89.60684262957042
STRASBOURG,100.0,93.24783874866584
GUADELOUPE,92.6,91.18966673247888
GUYANE,75.7,75.63721651593647
AMIENS,89.8,82.86857122697556
AMIENS,85.7,88.54365496356544
AMIENS,85.7,88.21304959584515
AMIENS,92.9,88.18024108902108
AMIENS,78.0,83.3000712737992
AMIENS,90.6,84.190506494387
AMIENS,88.3,89.01607940756416
AMIENS,88.1,83.79179795932474
AMIENS,90.1,83.0499337400894
LILLE,87.7,89.17881030402333
CLERMONT-FERRAND,86.7,80.8613225761815
CLERMONT-FERRAND,84.1,87.51046317846449
CLERMONT-FERRAND,66.2,72.06857503855801
CLERMONT-FERRAND,86.8,91.9254840332831
GRENOBLE,100.0,92.10799217283602
GRENOBLE,68.5,80.55269355036982
GRENOBLE,91.8,96.77830478685297
GRENOBLE,86.2,88.83261860800017
GRENOBLE,89.7,91.39558226118496
GRENOBLE,88.6,90.52069383213944
GRENOBLE,85.3,88.10493541606573
GRENOBLE,96.5,91.08220930689237
LYON,80.2,78.89658773943025
LYON,99.6,97.36038615040572
LYON,100.0,91.78351255745271
LYON,85.9,88.50340236843
LYON,80.1,89.29608144655303
LYON,89.3,81.52739584645687
BESANCON,92.2,90.98211025728955
BESANCON,90.6,78.31245933206533
BESANCON,92.9,84.8030830322714
BESANCON,85.3,78.6772404068633
DIJON,100.0,93.72712655179009
RENNES,95.7,94.22876114731066
RENNES,100.0,93.8726347844841
RENNES,89.0,84.2967911654844
RENNES,96.6,96.01528020050125
ORLEANS-TOURS,86.5,90.15020884331456
ORLEANS-TOURS,85.1,87.15526590207331
ORLEANS-TOURS,98.0,93.53100415530993
NANCY-METZ,100.0,77.43155626709375
NANCY-METZ,98.6,96.5523772141754
NANCY-METZ,88.2,86.60645680886398
NANCY-METZ,80.2,78.58723896892218
NANCY-METZ,95.7,84.36560867727214
REIMS,91.2,86.718342504592
REIMS,84.7,85.97618514307437
AMIENS,84.8,86.67398947133934
AMIENS,100.0,97.15288903984428
AMIENS,81.2,80.01401521155624
AMIENS,93.3,86.28492850082446
AMIENS,91.3,87.7888798992695
AMIENS,60.0,83.84442316118944
LILLE,72.3,86.28787842029891
LILLE,95.7,89.45536259167312
LILLE,72.7,74.30796197060104
CRETEIL,90.5,89.38303139058526
CRETEIL,79.7,80.93572883997781
CRETEIL,88.1,77.90941411271122
CRETEIL,89.4,88.53249547763211
CRETEIL,91.3,87.90580451135553
CRETEIL,86.4,70.19521267168138
CRETEIL,75.5,82.75641306503317
PARIS,98.3,87.51390481866154
PARIS,87.6,90.46303430806996
PARIS,100.0,98.80935071389871
PARIS,100.0,98.38265377711646
VERSAILLES,87.7,90.0955282947858
VERSAILLES,95.7,97.2881318879236
VERSAILLES,83.9,88.14101236558032
VERSAILLES,88.8,88.51623083322067
CAEN,97.3,97.92931976558256
CAEN,87.2,87.95761292355445
CAEN,100.0,96.53529553858313
ROUEN,54.5,84.71635147043848
ROUEN,78.8,89.51018592608945
BORDEAUX,84.0,86.47436842531062
BORDEAUX,93.8,87.30560144232328
POITIERS,88.3,88.73879938193862
MONTPELLIER,90.0,85.22256070041071
MONTPELLIER,90.9,85.19021634210267
TOULOUSE,80.9,88.2810019208171
TOULOUSE,78.6,79.40659475715742
NANTES,96.4,95.845889111213
NANTES,70.7,89.3534810410953
NANTES,81.5,86.29026441667533
NANTES,78.9,85.98147212282169
NANTES,59.2,73.66826465052982
AIX-MARSEILLE,97.5,86.77533264876607
AIX-MARSEILLE,79.4,75.76535374880949
AIX-MARSEILLE,100.0,95.21664031322126
NICE,94.6,87.9516838846226
NICE,97.4,87.95617024028374
NICE,100.0,98.2135841348168
NICE,91.9,87.27806373632707
CLERMONT-FERRAND,87.5,86.63638172497036
GRENOBLE,83.3,78.60071488516326
GRENOBLE,92.8,96.0397124988595
GRENOBLE,82.0,89.63520385422302
GRENOBLE,84.3,89.54394666726927
GRENOBLE,91.7,81.40633812138927
GRENOBLE,89.0,90.31258960290229
LYON,90.5,84.24067012470888
LYON,90.1,85.69163413149609
LYON,84.0,90.22126567410442
BESANCON,93.6,86.97518656585973
DIJON,75.9,80.92179204636443
DIJON,95.8,86.82376877828703
DIJON,84.3,82.81124640865896
RENNES,89.5,90.01851982900118
RENNES,87.5,88.01868169753907
RENNES,100.0,91.44031507072185
RENNES,99.3,88.88048727711532
RENNES,92.3,88.3340321855794
RENNES,96.3,93.21379635689827
RENNES,100.0,93.64004581005028
LILLE,89.3,81.2826238311382
LILLE,74.3,86.79112891778895
LILLE,93.7,87.34049923002658
LILLE,87.9,86.23190157053754
LILLE,83.7,95.20092504705741
LILLE,98.1,89.48980301661409
CRETEIL,93.4,89.074896957146
CRETEIL,75.0,87.25411408217758
CRETEIL,89.3,89.59591115110209
CRETEIL,88.3,86.72292866297394
CRETEIL,78.3,85.45447707431573
CRETEIL,87.2,89.76771667103338
CRETEIL,100.0,98.29553697210908
PARIS,78.7,82.20962086292747
VERSAILLES,78.8,90.73749459628687
VERSAILLES,77.6,89.24801733837013
VERSAILLES,90.6,89.11035208376457
VERSAILLES,89.6,87.66222177782414
VERSAILLES,98.8,99.13109019980193
VERSAILLES,94.6,91.1541427604028
VERSAILLES,88.3,87.33478929516285
MARTINIQUE,87.2,83.25671961570657
MAYOTTE,71.7,80.86685714285716
CAEN,79.7,83.38056675158421
CAEN,96.0,88.85715252563797
CAEN,96.3,95.54823863448148
CAEN,80.3,83.31719834893373
ROUEN,90.9,89.71171603019079
ROUEN,62.9,71.53604291638725
BORDEAUX,97.3,96.94452204832461
BORDEAUX,98.6,94.61522302109968
POITIERS,88.6,89.03182597409665
POITIERS,94.5,97.35437367962136
MONTPELLIER,95.2,92.40695068894598
MONTPELLIER,90.4,86.2213767246939
TOULOUSE,92.9,88.3961902798044
TOULOUSE,87.5,85.91130822270438
TOULOUSE,94.9,88.81006626326077
NANTES,92.8,89.1211870131389
NANTES,91.8,77.85232374167275
NANTES,80.8,85.27934875108356
NANTES,82.6,89.07355008950141
AIX-MARSEILLE,92.9,88.17366222317851
NICE,90.8,86.5974235214627
NICE,90.9,92.97185233978534
NICE,94.7,85.63942801961919
NICE,92.8,88.0433499328607
RENNES,100.0,90.32338656933645
ORLEANS-TOURS,72.3,86.71819262458541
ORLEANS-TOURS,85.5,92.0348129993252
ORLEANS-TOURS,94.1,92.86219378317458
NANCY-METZ,75.9,77.98810460813023
NANCY-METZ,98.8,96.91842957405905
REIMS,90.9,81.15701943741853
REIMS,100.0,90.1938681307935
REIMS,94.3,78.65225033522454
STRASBOURG,92.0,89.59012927598502
STRASBOURG,95.8,88.11118796640054
STRASBOURG,84.4,85.12265250852877
GUADELOUPE,91.7,91.67438219178888
AMIENS,96.9,84.58333913086227
AMIENS,66.9,87.3544066221917
AMIENS,85.7,73.46509623963424
AMIENS,100.0,93.47927894386783
AMIENS,100.0,97.45956716276241
LILLE,100.0,97.29866478481668
CRETEIL,94.6,88.84304305913538
CRETEIL,82.9,89.37337761529052
PARIS,98.9,98.33028105952484
VERSAILLES,70.4,88.2546946655922
VERSAILLES,88.0,89.52936439483875
MARTINIQUE,80.2,83.99771016785155
CAEN,73.3,89.33862083516532
ROUEN,87.7,96.82384219301673
ROUEN,83.1,90.05673141836286
ROUEN,73.7,89.82137013333963
BORDEAUX,86.6,87.07510562973077
BORDEAUX,75.2,87.70831928652478
BORDEAUX,84.7,86.90295657395875
MONTPELLIER,86.3,89.14027379716752
MONTPELLIER,86.4,93.42478816260044
MONTPELLIER,95.7,98.47320346654082
TOULOUSE,70.3,88.93670746359955
NANTES,71.8,93.25114775314664
NANTES,95.5,88.96945059962263
AIX-MARSEILLE,81.7,82.82459370875209
CLERMONT-FERRAND,92.9,85.9615277242897
CLERMONT-FERRAND,93.8,84.81409524652202
CLERMONT-FERRAND,82.7,88.4164541573856
GRENOBLE,93.9,96.5312228774264
GRENOBLE,80.0,87.10459308932795
GRENOBLE,89.0,87.73403709848395
LYON,92.9,85.47610998397522
LYON,90.6,89.77396157890615
LYON,76.2,81.32445685898502
LYON,87.5,97.74844487319089
LYON,79.2,77.64264529046322
BESANCON,98.6,91.35691595337767
BESANCON,95.5,89.26101581511642
DIJON,89.1,92.37040626106709
RENNES,96.3,97.67007263770091
RENNES,97.2,93.11379155446062
RENNES,96.1,90.68879904664081
RENNES,96.4,94.25826194626808
CORSE,90.3,92.05446328835525
NANCY-METZ,77.3,91.49092501477952
NANCY-METZ,77.6,87.70891878022195
STRASBOURG,63.6,81.46028384666698
GUYANE,100.0,96.20392663891018
AMIENS,92.5,91.3836491764822
LILLE,95.8,88.4137102959116
CLERMONT-FERRAND,91.5,88.41133215071413
GRENOBLE,89.4,87.98173529789418
GRENOBLE,100.0,98.80489716737858
LYON,81.9,88.50724288034957
LYON,86.5,88.45589311540569
LYON,76.6,80.76463663717244
BESANCON,100.0,88.96768651226175
RENNES,89.7,88.35841344939125
STRASBOURG,100.0,82.14396898789347
LILLE,99.0,99.23356549738652
CRETEIL,91.3,70.26802986137501
RENNES,82.1,90.77904614688936
ORLEANS-TOURS,87.0,84.27175834913051
VERSAILLES,74.8,81.97559115405843
VERSAILLES,79.3,81.53136395760049
STRASBOURG,84.8,89.83172919678321
ROUEN,86.8,88.50029176857555
BORDEAUX,76.4,87.44651296772719
AMIENS,81.3,79.687553397617
LILLE,78.1,91.27514308917483
BORDEAUX,100.0,77.84651675746002
POITIERS,85.4,86.62798368947486
LILLE,100.0,97.02945007812126
MONTPELLIER,71.9,81.95342233864798
CRETEIL,75.0,91.63735581413177
CRETEIL,90.8,89.74434580524844
VERSAILLES,91.6,90.35723800721391
NANTES,81.7,89.0134278226075
MARTINIQUE,97.2,93.14500641025641
AIX-MARSEILLE,100.0,95.29796786919674
AIX-MARSEILLE,90.6,88.60720932185976
NICE,100.0,98.16596056913667
BORDEAUX,89.5,87.82361643574858
NICE,90.6,86.72112716370304
NICE,89.6,87.17634753455212
LIMOGES,93.3,88.8002174095069
GRENOBLE,94.8,88.26252691619791
MONTPELLIER,88.3,88.76008324821129
MONTPELLIER,78.0,82.24291646812262
LYON,88.7,89.73593333480649
NANTES,91.8,93.67156093199824
NANTES,95.5,86.79954208628489
NANTES,80.6,89.17707613587328
AIX-MARSEILLE,100.0,95.76330891942858
NICE,91.7,80.33649579660128
CLERMONT-FERRAND,77.9,88.09138336385193
GRENOBLE,84.7,88.35788824517566
GRENOBLE,86.6,91.87802666844536
GRENOBLE,97.1,89.48937251870323
GRENOBLE,95.8,84.74541057955464
RENNES,95.8,88.99599481259774
